# length1, length2, I_lambda1, I_lambda2, I_lambda3, Molecule
-0.1657594763864525,1.6443931903354432,0.10039535759357698,2.5944433107101186,4.924174766659948,A
1.7360229333840893,0.8454151698071551,1.9388239019168145,3.152524374137947,4.928576459800716,A
0.24117331617517646,-0.0861961399980935,1.0515930747798512,5.836142912170738,3.9531164064720015,A
1.5661962033241403,1.057866471717779,3.19640528486486,5.494770285277571,3.408609755757219,A
1.4130335628701451,0.6256585971477988,3.4774381884788044,1.3123534883351502,3.930108220599764,A
0.4884173366685499,-0.7830013556652242,0.07223874941368935,3.296031908874968,4.943269173633206,A
3.792385393792586,0.7252976938563601,3.340332079353492,4.607361391208124,2.151690315208323,A
1.2080975182824152,2.632627547185772,-0.4826113527017659,4.10563031813995,7.013070572117506,A
0.46593224825415214,-1.3067158818946347,4.073139103793617,6.3261980891977805,4.351968794757635,A
2.716174590244564,1.1113253791550164,2.505499411226249,2.364828223937081,2.265556003817141,A
4.215768682614249,0.7309659322176554,1.7074389176914309,4.449137952923849,3.8052863906118084,A
2.5728864348717804,2.8996204525493394,1.365968248800077,2.4166790534326106,3.716660927898343,A
1.0892103967192621,2.2408630014132154,3.527048889933698,4.694648850256201,1.9369718810499577,A
1.7144734931074845,-0.593264621900679,-0.21227631104086475,3.064109706603729,6.385457366387342,A
-1.8483182236953453,1.7584376535774986,2.1219156757706137,1.7137122913894098,2.8511898122438586,A
-0.030883632573684316,0.6752920032076248,3.025339245433332,4.756896996050176,5.612590944089755,A
1.2711984320025436,0.7129859833913961,2.765460124210419,2.4588513676168255,2.250898966813627,A
3.401081093465997,2.5976648232938135,0.5058530523994342,2.1635019725538704,4.931421116293018,A
1.7655326216107754,0.559394459323296,1.7305390921612778,2.6550976081793176,3.4841135475653973,A
1.2916868717213044,0.2614289281959228,3.3007738111343583,2.9072347407858277,3.289755037830967,A
0.10356229201895972,0.2905997488230364,3.0488639882478004,2.9232929442692592,4.239459595178739,A
2.1316307685168345,3.6597788959557795,2.839709483685154,4.2527663801871975,4.583918326527999,A
2.2205742638256574,0.05206023395125048,2.4981771628052605,1.9980803524265032,4.194534200815578,A
-0.886289982257606,1.8996106441429654,1.7283194697721518,1.3298958193347015,4.0999174511549,A
-0.9463261856961245,0.8097500504146821,3.1257845720116757,1.7896494104820133,3.4149162471208223,A
3.3210120725205012,1.3445426393568751,-0.3275308083815722,2.7908062389117334,3.918860623342273,A
3.515888333875005,2.0028709013122454,3.357803109193193,3.645891936713395,6.601440511238495,A
1.1169129652558822,-0.6303325298463012,1.1686609165524815,1.5811108306611557,5.875024288411105,A
-0.10498017818897587,0.110583798885179,2.504771241313103,3.862794232229562,3.562984853333927,A
1.6451464178671222,2.114239752156016,3.5118416526236786,0.940854369316316,5.1305978773844245,A
0.24767033860218068,1.6320172836408344,1.9001572919607388,2.8071350543992253,4.9595259743657705,A
1.814306069412643,-0.7098966640058284,2.3887171481654264,1.5299071022072122,4.241171890518501,A
-0.2028981602359916,1.0779697329062055,4.098308127245772,3.3953412144270296,2.572084547640272,A
4.154141856320219,1.4783877104498035,0.8356825518142423,4.833074759592281,5.764563447257088,A
0.25564201636416783,-0.37818090387478365,3.233089746977317,3.5649913031493607,2.341690850453491,A
2.853636694657138,0.9336070074118302,1.428280049899186,3.212227197015192,2.2613024521861695,A
-2.065082742389625,3.1576362531965145,0.7994136627799047,4.755656552638997,1.8265296708458236,A
0.6358100296279718,1.7244839417031643,1.1074137356654878,1.7442605672270963,3.927668984337971,A
1.8931451244193929,0.9754462425813427,3.042656567366617,3.043549873101847,2.0279357834750273,A
-0.03339714914046943,3.0180792724541385,1.2560150833853125,4.44011426412437,6.385258314105501,A
0.9870050207423069,2.5569905802842734,1.848921229308442,0.7779421143737504,5.388467519780516,A
1.4425658226374998,1.8060881779807252,1.249955963531374,3.727744441811556,3.263790679733393,A
2.028773645210333,0.027090667422285497,0.7761845654842277,2.625850397691734,4.151176864369752,A
0.5501344584111635,3.4650656905906385,3.8620653220246663,3.3130126380980753,5.0671948911706535,A
1.1075393023502165,-0.9047867500872795,1.2012454566116002,5.44920970101181,1.7820412950612856,A
1.5889790277500784,0.0857094191539427,4.692153252981852,3.056674536935184,2.4133663674710313,A
1.7495899012847764,0.8084646017614349,3.33230162467118,4.4394163507740885,5.444112251907288,A
3.013704613873257,-1.6228840135987865,3.57892424948813,1.4730724771928543,2.0734134064822003,A
1.9858755057287127,1.662218074571415,2.5221842639218433,2.062853473540726,4.8124614478130985,A
-0.2897994332527627,2.6996707464064773,1.085522278566547,-0.300735620527508,3.084565263861668,A
1.1193991129354823,1.4951843686126671,2.282577782550958,3.003183105118054,5.720066211618555,A
1.3054061691778387,1.693630692082791,2.312773874940553,2.671660517532652,5.161853854708493,A
2.2586857212622973,-0.11067929503302576,0.591693383615512,3.262777783049162,2.8691105711625413,A
-1.0056536780623988,-0.2847162642474452,3.6593394024508696,4.578076469691302,3.7883657891855336,A
0.11375695680393716,-0.7874062550179364,4.608051173877956,2.42952854022594,5.781185864008524,A
2.8566537023415126,-0.47269650173369726,2.652689268244532,3.4190277937447884,4.3534000861760145,A
0.21730327848812292,1.0831215774189105,3.194769613580266,2.007476430307192,3.1287594135919163,A
0.6897737274058493,1.6085313811602864,1.1098787948752586,3.3274597253847458,5.505874418339635,A
0.9271089587646489,0.8315610599550446,0.6892736110689555,2.546385658120632,4.297339530332365,A
-0.3119851924437551,1.3560921853919885,1.5161025477279089,2.0019404617489656,6.0539370825903775,A
0.22850813945443227,0.37558481170021385,1.925949518258263,5.04944700673953,2.4721118072401476,A
1.981768899388009,0.6477583991236757,1.505935318827757,1.622022770987537,2.4720587503945852,A
2.3470550750235053,1.2732155356593304,0.839256406608822,4.022384351366049,2.764867457074484,A
-0.18718206306850615,1.1840855970732866,3.521690899763023,1.0315902093535627,4.72233631378806,A
2.6886228268368,0.06314385754469698,0.31395174564184614,3.9899680579091976,4.092977821350403,A
0.4917806343326069,0.9028663918534646,2.021254003412257,2.5824169725092063,5.004084933915535,A
3.0697183896597173,0.4577998283861089,5.272740249887424,2.6927686603347682,6.2488443894745185,A
0.9459133548990633,0.935660956977573,3.4166857418027377,1.183666686015234,4.208248126742629,A
-2.5906992255085197,0.6585857960291579,1.3883800059423628,2.3423055278416745,5.384664737322691,A
2.9075206515224146,0.8178594730866542,0.6807761400035977,2.4909731696676465,4.8187048848529805,A
0.8583775345351552,-1.1558755360845523,1.6439122092780645,4.004952769373388,4.426672836409888,A
1.118262293620817,2.1915117769982184,2.294405344856629,7.0513212848657965,4.882871623294579,A
-0.07784714001051607,1.4500242006926496,0.35832632068059045,4.627532160851155,4.940890459056499,A
1.9332263934935328,-0.37090679705864504,1.2656042485665677,4.784258888512181,6.706231600481155,A
-0.8273437568472275,1.0158881590995663,1.9662972990134535,4.224309201032619,4.178419112888934,A
-0.9511028305532909,2.594073699975654,1.2178070775161172,3.0531999500990095,3.7333323471647315,A
-1.686093356328365,1.942458380909136,3.1202765777928745,1.023894024370245,2.9284360676646433,A
3.642019095671736,2.3873758580756888,1.5661280843683427,1.2834318518004404,1.825732906048358,A
1.4056428161641095,1.7371983892617369,3.070689471230314,3.2465148328616666,3.8675027985136583,A
1.6890539816359074,-0.7927002246271873,1.3969331791788846,3.322899471428759,2.5905104153922913,A
1.9459592777454857,2.4575915475803907,2.219184589121358,1.6359508630368387,2.1216049039341955,A
1.146918874221844,0.9815739306968166,0.9871902566678228,4.174935175242313,5.827929063891744,A
1.9646391474639273,-1.1737157107619418,1.7065188391033264,1.6994935925035384,4.376707040342591,A
1.0194434496128513,2.27756634061374,0.6772875786904784,6.063808220773932,3.62298345325815,A
1.5024433378317363,1.9183677220290387,3.6081414591323684,3.04576582381511,6.037832742966817,A
0.6498029905587406,-0.10849607819425877,2.4131496270776513,4.272652968698205,3.3311718572104336,A
1.4032995216685913,2.1190942116002542,1.616669166980424,3.544043822667379,2.5790776499858783,A
1.8446068564174758,0.7530909319212772,1.9026183805938157,2.030567896220746,4.30977040314094,A
0.6419832935068436,2.7888832287046936,0.7202369077371373,5.06294399391251,4.007259824746781,A
1.3811401977210793,-0.36616141484514975,2.611756944131488,3.1786466739217785,0.8602310529685724,A
-1.781470293382739,0.4981460832700749,1.031023876757521,4.046570093790199,4.395350028200466,A
-1.2464167823876147,2.9297188877767173,0.6247897647817258,3.30125575898329,4.332821427468098,A
2.6968140029270136,2.849757480006301,3.5081254112892575,4.888414250225491,5.075605958870464,A
1.7042373507139272,1.3636608666265928,1.1372592249706468,3.3047035847600985,2.160414419075785,A
-0.03335667096760342,2.2443643180978077,1.2094646028613485,2.7506000397911774,7.1348167502247595,A
-0.13806835300976705,1.1946528529454712,3.0011784499161984,3.0704867631001425,2.404799467945214,A
0.07237756857454025,2.1221260203279275,0.3473939921688678,2.89685758654043,4.776841294986065,A
1.3945290082757842,-0.3419323185656282,1.6533442469544881,2.9712726978503077,0.9981011263293218,A
3.4850913093393507,1.33664073726503,0.6891424213953834,4.481056886542982,4.193881029078091,A
-0.15004059953709614,0.49642715553037875,-0.36834716628400077,2.7495929891350617,3.547940867453692,A
0.6219132160910874,0.007754497750096401,2.4695465441123416,3.5043512500984777,5.3670220607147305,A
0.27720520037927154,0.7097095170603919,0.60259848074114,5.430717151638817,3.1026660759840525,A
2.3428689051243916,-0.48917803079268096,1.1310536540286136,1.9266023709933657,2.9550544900385445,A
2.3086704933843993,-0.7759542178173282,2.617228544682412,2.3271506592747966,3.7508045605172144,A
1.1748212986767372,1.8261821127395774,1.9503269317228649,3.5021669678959193,5.63343334185641,A
2.1001680305335158,5.892904965741237,4.4040813787614645,3.1559653710618165,0.3182109358934575,A
1.6519282476563582,3.4851138546155003,3.2302037566889314,3.5541460010758454,1.8721401935093165,A
1.946569937481019,1.6919739794603985,1.837437792339578,4.03764960938769,4.89762039710288,A
3.378173928970867,1.7958741209947482,1.4490982514767166,1.990740052674238,2.5987568779279653,A
-1.7780490938235203,0.14944772286250652,1.4463358236357096,4.213143536429223,4.936313034007308,A
3.6813394355697695,1.075415405522596,1.8668447043474212,4.844831128941032,5.737483236421042,A
-0.28004659196097603,2.5792909219295805,2.705962890362806,0.542940547364013,3.4414455646963926,A
-1.069736867615017,2.567182113523655,1.4621161730315735,2.319651355880609,5.489366648748439,A
0.17133596100885407,1.5234355017477963,0.389702038218511,1.489272756905228,4.317876189994743,A
2.0169530423215294,-0.5007764166096547,2.4636131491465925,5.787499009459523,3.5475530452943196,A
2.0333627653050677,2.2318204952411946,1.3900317854846311,1.162031933430388,3.970876435078499,A
3.1001641189414078,3.918592290392156,0.5064121091579106,1.3802346744840388,3.451184461410516,A
1.4721348328406696,1.0570790545136677,3.5870120715559146,2.248728856905217,4.8487167755968565,A
1.360944485431578,-0.37723558660025613,0.010392008243774953,3.9255725448869763,4.001171090413439,A
-0.8179612438791102,-0.6595272493405198,3.256268852781921,4.8277680997879635,3.6584713467581875,A
-2.697741502572829,1.0925626708346536,1.9657286405543677,4.226163824431736,2.3466614965819597,A
-1.4849633350765306,-0.46673486292086963,1.1365380394895364,1.7255046933794937,3.2421587714891196,A
2.4303958800834637,0.13512341453793197,-0.8184039090674009,3.458495525952581,5.10655221638983,A
-0.2831723614750148,0.2245413893805096,3.5565025102797283,3.8572703447414693,3.9327277715936964,A
2.2423716740858186,-0.38578099862234927,0.769054146039247,4.498803171624504,1.6025618369701213,A
1.4950411729487263,2.7205520554271776,4.846729262598216,2.1207148541431122,1.7350705957486308,A
-0.5372503369774249,2.2118482587578603,4.700442974091008,6.786757503014956,3.5203007280412515,A
3.6366019269282415,0.9508622035324332,1.3309733661129513,2.7440770896948563,4.664203832291513,A
0.3279246903026073,2.9862035958466357,-0.3061587054123893,2.198346019319577,7.007393886204004,A
0.3685619097989442,1.7273224833775136,-0.022438071543655624,2.0267956442759214,3.363075379484817,A
2.2808087451616563,1.3401955991643684,2.8442481351360236,3.7742179810887975,4.688236172592571,A
3.1346117488274383,-1.8327863735941534,0.28250460286511925,4.60847598386655,6.114227154643485,A
3.2767301613886928,0.1819041773151493,2.4517169971718844,3.1571902812909856,4.3919237773690405,A
1.2047525466188334,0.5639701781089808,1.4242795825750065,4.202450043558298,2.070969019667859,A
1.304605413600484,0.6206695218827443,1.5337230241436253,1.9590441335370699,2.8937987824898412,A
2.641002237646113,3.190348046103592,4.919004424387552,4.505071422785901,3.8229308821533357,A
0.2727884023688908,1.9864837987376232,3.8754113379173853,5.2805853412963,5.415770509299197,A
-0.6330367291087113,1.5331780379629452,3.280832058347773,3.577265038401686,5.2678036251164215,A
0.96164012843581,-0.134735641663138,-0.3426180495464748,1.5036826163328854,2.1244493381688665,A
1.126963075532841,0.6809221089939843,3.074579205718483,1.9984123058793435,3.8852358463665477,A
2.3738979081317764,0.7098822059680896,3.5733727182271124,0.5910017481547358,6.000112241113927,A
0.8336841989763113,2.5613346754127253,-1.0028870185990253,3.7388898979485305,3.153456735898472,A
-0.2188953043154116,3.1865297225513864,4.779492115584455,1.7620424396857246,4.051671949245327,A
0.3667095621504113,-2.549410306629565,1.1608086007846075,1.0402101248496394,6.532960212441733,A
-0.9646108488914795,1.1733068480315239,0.6295954254339622,6.0342698185331285,5.850046124420848,A
2.3584634746933144,1.924149369363775,-0.2480237014175093,2.685237326891378,4.577646642122683,A
-0.3552883920133749,2.9614181193461384,2.876618441245308,1.7344020150192365,7.207831352070054,A
0.06744224544267585,-0.08447912368798938,0.6726558912568483,1.2132761970809927,6.315028242547375,A
-0.33466136545982694,-1.716935130396355,2.2400383702242443,2.005071431494508,7.6376105762964395,A
-0.6347699945687839,0.17590893918720873,3.2704994457564727,2.4766103368675023,6.4056836497642475,A
0.8718745236294365,0.8088619929003669,2.0802039508915735,3.5861571827859633,2.115943865211898,A
-0.09706340063526953,-0.658941582999105,2.9053878983772212,0.39512781633915406,2.2348911756121606,A
1.7876930351654465,1.1426633387295844,1.5902016144445974,4.658152516110777,4.3619098905704945,A
-0.7656007190271796,1.0395324179624987,1.4440674306792451,3.8718093391457096,2.973050469537691,A
2.0698099419412923,-1.1063048413083427,0.4884997733861065,3.4069122857922376,3.076535547645422,A
0.05100578025140301,0.7955590356816673,1.5306475394201755,0.9922564985761513,4.4408792814811555,A
2.148572771158628,0.11946377373420103,3.8245813935340482,4.132890870673105,4.6626125186611,A
2.332842647758137,1.9676871363011248,1.2142900206283214,4.236397264175908,4.086915917305148,A
2.943345751082261,3.73828592513264,3.1576576656974873,4.153125438837035,6.675671721387283,A
-1.4962552742636852,1.1278582595469042,0.40679320832896004,3.8160331714523914,0.9979356166773874,A
0.07986583229608879,0.20907862588087311,3.3699334221044266,4.853693132810769,3.790051260524038,A
-2.2498727103903824,0.017946807296205347,1.6391188770270397,3.924940695354709,7.431091733455349,A
1.1104132486568419,1.0096963885730725,-0.6203671257314927,2.344115305089362,1.5034973728185341,A
0.48795711347584836,2.498762139601536,1.4336088214560472,6.938110887881353,2.28269364781616,A
1.4242698938358682,2.4433565698919093,1.0805863855546585,3.0521402492478353,2.643018434347374,A
-0.5444529507577984,-0.00534129549670781,0.01269354431658476,3.637356026783358,3.4705837334195073,A
-0.5412266774293037,-0.20438473087699882,1.4098575688743527,2.383665409150912,3.6567406556129316,A
-0.6716594758851528,1.4134114793448704,2.255870195784018,0.5587052163060013,2.9429319247787227,A
0.32128376196115493,1.8192033652567545,2.990503031467377,5.464269939463341,3.873156204704195,A
2.1828335453362264,2.161265832628199,1.7140180406899637,3.558657919709508,3.4046914128179115,A
1.5697889956332332,3.229307798387515,3.811130026646002,2.7085438399749897,1.629912671703357,A
1.0554175835878266,-0.8754110814183116,0.738057473085729,4.863354635879307,4.556533142228547,A
4.521067063793126,1.6349649413964742,0.10948931596076239,4.742515538209936,3.950582294917782,A
0.3949035800135252,2.839362542707008,2.68147588764948,3.6832733844926517,4.361238320867257,A
1.60316184071194,1.6666201455310665,0.8218545559042827,3.24593606746958,5.389457284918285,A
-0.851367043415441,-1.0015057735826773,4.230116973961032,2.71201464509923,4.450738705422324,A
1.4259954176702738,0.01625288638728195,-0.1719118504725432,2.8886783619109755,3.5195881258456083,A
2.4900646466476153,0.7654481103113223,3.2012352656684806,-0.575781238337636,4.496030931248632,A
0.03840069597246554,0.06248864619263639,3.5160311248018745,3.2436965695972124,5.897489557797764,A
2.7979425583144235,-0.8829706394992194,2.456205915372404,1.8662095059620318,4.091663678277138,A
0.5348091541124824,3.0633961280485207,2.960209830133754,3.0453230493815355,5.468718928707474,A
2.1237604765439713,-0.9183310017584347,0.6570861219425348,4.3563625776162835,4.266032405953955,A
2.5414348667775393,-0.9091749317724971,2.7749505379706636,3.1658911962421588,5.298322699726105,A
-1.179105743053193,1.2111365999995025,4.248935036218471,2.2759640652168582,5.00341974493244,A
2.1082693495171037,0.3906077754710552,3.716371474646447,4.876788138123884,3.2871035724228035,A
-1.2971407611817698,1.8185919535491664,1.542951677551795,2.684601658563967,2.8019047302517297,A
1.9218005930898947,0.3895819320806907,2.2896492448035404,1.7877265038662864,2.70024696155475,A
1.3971854360610108,1.8578514471958807,0.6075675823128901,1.7609101115319057,2.9768214272015983,A
-0.7825913443397863,-0.7845034802691171,1.2338700005840697,2.5192502202442952,3.378822507740145,A
2.092966184666861,-1.2097471319441127,3.191016857277234,3.832082970699541,4.490285395199208,A
-1.2818984217517082,1.253889107495191,1.8987495108670456,3.0672622265864584,4.262629680666565,A
-1.6380305081805102,1.8743631587121834,3.693926107550575,3.371914736777961,1.7429430564563013,A
0.7777325155422639,0.8681822827087894,1.7417289975966406,2.2148727459395277,2.0708659114676955,A
0.7917863028887631,0.2564038248219306,4.274861443178688,1.9571090857770583,4.3609863015334795,A
2.8983159407655537,2.7210396667811914,1.194716666222356,2.4148957079687072,3.654756314457152,A
1.3560233693999377,1.671774803556818,3.2671967137594544,0.905533793505529,5.302942098557602,A
2.340586565394834,0.9457677001090731,3.428706630454185,4.609016143525478,3.2481556187060816,A
0.0579483911863905,-2.3137377750157433,2.448881491114915,3.920782384551723,2.925105594656249,A
1.544399910878786,3.682576835663932,0.4468639922082158,4.319437826727412,7.525606286858624,A
0.8443931066207426,3.4627993014186624,1.2343225944237632,4.220258693415961,4.175429423250411,A
1.4722031047567503,3.7448316093435574,2.5864037482477613,3.293639176159698,3.8769635480716027,A
1.1927892051870383,-2.337471991213737,5.861234544827989,-0.43924182129898526,5.107283870403536,A
-0.011379335856265493,-1.1856317549583624,0.2275145970384429,3.180548719445766,4.158352551254704,A
1.7192745348963698,1.5039077998609014,4.644104790134415,2.4397154518806143,4.568109662522261,A
2.6409031335412774,-0.7189159459722476,2.255609614671597,3.691511806709652,3.072154824946634,A
1.1239463673927677,1.061205157595357,0.5765249965961212,4.474764019610564,5.956722059348951,A
-0.005818581664791989,2.304613869118385,3.3868250635671844,3.1568386306067726,3.4920884972696786,A
2.3499046526871012,1.7146173552845991,2.084185333137885,3.591994350483529,4.243019567470933,A
2.801975746955227,1.6697181083760697,0.5220191895462287,5.4935790276444525,4.639327877122545,A
0.04407847103365059,1.8718968224700963,-0.3128643215670488,1.9649311206432054,3.744030392220149,A
2.044856228463808,-1.8736400291927882,0.8656870598712638,2.8023998449871805,4.248593496045519,A
-1.314180153917917,0.3077368181635244,0.15368588563027474,2.572802311993991,5.40935525445186,A
1.3176962780783368,0.6967282340165979,0.4609474469550219,0.8102825429190341,5.597348110604411,A
-0.8567894661031386,2.558890783391334,1.557969340500968,4.181868328957258,2.3338348027428597,A
0.2593087888192228,2.0733556495250136,5.120988995204026,-0.3530507135776757,4.709785089056027,A
2.6731708243941563,2.0013697732690003,0.5453367905397843,4.499831580292699,3.7341396209742914,A
2.695293571154659,2.8981744141509056,1.6611484569402015,1.0448889251476996,4.505568827606457,A
0.5750682955635593,-1.5431859635832876,2.465441118482385,4.0674554372059974,7.9869505257906415,A
1.3641380593453531,3.607695563183656,3.2244258004414545,5.193833107004092,4.357853055253757,A
1.1036937056844982,1.1989865213391537,2.075211441718136,3.525192554520494,4.648963122036073,A
1.586696504143692,0.723160685505712,2.3610609698677534,3.4140462962124762,2.7296431896851603,A
2.3808493452533046,1.366443165973242,2.5712648867234735,3.268460070257932,5.543588168948862,A
1.4610868138713873,-0.06485729767371073,4.624027317499419,2.949080019472834,5.288850671483037,A
1.305392731791086,1.5393701962508,1.0609221154245234,3.4681702425455736,4.513967934297502,A
1.1840795838042615,1.502015003764484,1.512239009691787,3.842458402670616,3.7268398620816083,A
0.09946680024693855,1.7527738327909534,3.082998314598216,2.897694264184079,6.640746554411026,A
-1.084523487451785,1.0633693358131464,0.7630095858061297,5.521332998777902,4.356427746535594,A
3.3262191000749017,0.4108189842193116,2.4980796025476986,7.568908536350902,2.5290658508454653,A
-0.9542867947389513,0.49741356212540144,1.010870036067936,4.631081658454176,3.0172932156232437,A
-0.31076270449080323,0.8267150315862231,2.931372756218981,4.225071022304341,0.7212567964914416,A
0.3476970549935371,3.2576715971473673,2.511883183833741,5.810485635902276,4.297925413017046,A
1.3818323403422599,0.6314232602125895,-0.26423454524188505,4.423570105873292,4.8969918442092135,A
2.1885988937224017,2.081706737892,4.567743416596988,4.707059145301103,4.232187022015484,A
1.4606074044378983,-1.2489143333678294,2.5509943237937174,1.4962624977952035,3.7760406110442997,A
0.6502037307231923,1.1402835611643354,1.510146909130266,1.3682365707507775,6.670060544645945,A
0.7750104653088309,-0.32517528853448097,1.8093012762351657,3.3628821528716464,5.450270063032767,A
0.6273405770808016,1.2494494816893424,2.7353682038915648,3.5616343336764986,3.2104622371751725,A
-1.0530432732742385,-0.24418237466826853,2.5409062113603067,3.202472510266492,4.375236619279983,A
1.1704693898626077,-1.5381588095810073,2.335727410934221,2.652948421776568,6.028565823265555,A
2.3530659210832336,-0.6575162267026231,3.266516087059048,0.3419755800683357,4.796358248330779,A
3.223211321856634,1.614690503770837,3.104384131367992,2.8264495464740924,5.845167207485685,A
0.5771573760724322,-2.5609469137265153,1.8103460712575303,4.739119923943446,2.3500896176974715,A
1.2578389039034639,-0.22997085039563392,3.000606076952173,3.5771629827499236,4.111243452725309,A
-0.3186334321018851,2.2911135808588257,-0.1094164712530401,5.974799623720024,7.266466287047123,A
3.2237944780799235,1.3006834152063167,1.7565441475544614,1.6510688260190853,2.456810993222153,A
1.4716209946188665,0.8050723938307605,0.6806998250663696,3.2838790530473903,3.1275977750142885,A
0.8855339148088867,0.5615510329293955,-0.5427852006524589,4.924618144010815,4.449871403243889,A
1.988190051455894,3.2374699391712363,3.3716097474913074,6.257378942772881,3.5945301032330064,A
-0.5634712541876346,2.5310924026502004,1.6214427469136035,2.0263735892539088,2.8233915985124636,A
0.7649140173524445,1.0401445079673701,0.53694685321213,3.8085593197917325,2.8082659851862646,A
1.9313193782484688,2.6615188177161992,4.183147854929164,1.561571198110524,2.464677797335212,A
-0.9924306367318221,1.3332503127126354,1.870707483089725,1.0133684413170443,5.669861127160289,A
6.782398919974048,-0.9288450754511299,3.0279027589340606,2.89566994316851,5.5113788369275944,A
0.35372419684677325,0.04320052559871823,0.22489570048343088,2.7535418835174053,2.430421114418966,A
0.08394408030265166,2.3115739520901126,1.678467236056266,2.6841710741760343,4.465808432966372,A
-0.1343229911417434,0.5811497073850955,0.4301011799833736,2.5047824211271457,2.658856495520011,A
-0.5312609605599867,1.6624687828814115,2.9771729811416185,3.359480125952816,5.474968799856835,A
0.30397944170521773,0.3677958687564856,1.9245481462513423,3.2486333833206125,4.305554173934145,A
0.8239251757250542,1.641420945994101,3.338995024240706,3.6734396749296,1.600873270357435,A
0.8602564907084398,-0.8390588613068517,2.556055295418217,2.92013258927858,4.158974635950533,A
0.6410770113280695,2.083210917339967,3.472113802006369,2.715046087201625,1.6002801983023573,A
2.1247795293843588,1.254644570812534,2.8101009267985684,3.9275391748520088,2.490653741188209,A
3.1665586066824623,2.6068685878157236,2.81081517329204,2.543350719686583,2.7649245349977414,A
2.4904455338022777,1.1588650471528579,1.1991729302415455,4.098740501194472,3.178511103342155,A
4.005940326947435,1.0616600958609652,1.899301901924035,5.896511819250684,3.8790609263066274,A
-0.841179059178518,0.4756139563601236,1.3819935317877305,2.875394673492567,4.801577397220064,A
2.5934658164681523,2.326659977161733,3.1679314940774814,0.814289679924471,3.6141668278920713,A
1.80825156224947,-0.32592293528804506,-1.7692028239001605,1.7675087778755192,5.892145685072817,A
2.0226854922425246,0.10052678409167037,3.2330913428463077,3.7038875406662584,2.0931759504947594,A
1.9190425986431308,1.4607417171753747,2.4167934694642335,0.3829531856383044,2.319134009549666,A
1.2129078337487993,-1.5617201474747722,2.1774009474115306,3.00493833395339,2.9698710060975837,A
-1.6720303823121716,0.8404194475150306,3.003506599194277,2.8516040776406752,3.7759114475118842,A
1.1587418066760053,-0.2089476318161574,1.7720808736969222,0.8940392761783111,4.501073619718533,A
-0.13201283634178007,5.045143343991814,5.4262092809499585,1.121059832131009,2.946671504619479,A
1.6992153183269756,1.0471621266141953,0.6483830828227861,2.7427000433143434,5.551689936038954,A
2.0520921080252856,1.7886025197157882,1.4089103243874046,1.870734459433295,3.3787889871716947,A
3.5098356220397,1.6702894316993957,2.776243953584598,2.170779179222968,6.908752992217998,A
-0.05412310036770851,0.4263176933646744,2.695228134383046,0.9554131489857292,4.385077015213805,A
2.090990813663831,1.5917093560954623,2.42810864714956,2.9558130381642376,4.478793589770026,A
0.5765241188302976,1.6468178800729611,1.4670339226727953,3.624919748272011,6.310206595873975,A
1.503099853975606,-0.789144701913377,0.6272144691540216,3.0082910816428825,7.41776702112313,A
0.5234423723253638,1.4639396650053271,3.584298100006939,1.4534471932019015,5.24440257396072,A
2.5168667769826585,2.3411537123969532,1.9099548892613438,4.763491131648495,2.3670604303175997,A
1.877548035272233,1.1280854711701394,1.2714107498507936,-0.7211943237242782,4.183372725437059,A
-0.5544853732599482,0.3444380472440246,2.3711891149829922,3.5940508796699917,4.582266887450629,A
0.5914133786119378,-1.4918196221945053,2.6878645274708917,2.3913957323665116,4.951548299517172,A
1.0319224908064832,2.2675113314413196,1.870454065515805,-0.15298797386997576,6.272156704106606,A
1.1120274863693718,1.2020787122137881,3.884734153425214,3.944821428599371,4.407122961987108,A
1.0748088481322595,3.380935022419813,-1.2840352531535353,2.9326808448906574,5.383185440914699,A
3.187834693205753,2.997162931711549,2.7417095500583706,1.5143931207312138,2.100771005818241,A
2.1307091170222305,0.3201084219920267,3.299354816470995,5.003939178104609,2.2121012773190474,A
2.34686420268962,3.0345719113050427,0.6743589520652715,1.3358997574771156,2.6282218510266,A
0.6509952991755876,-1.255857338074705,4.904094531381898,4.303465030462117,2.7895117362940147,A
1.5844116402181956,0.7564064168241502,0.37059521527157324,1.8572315640493058,5.848224446831439,A
1.7238112963897367,2.0676643106714705,1.980087074209845,1.1276186084962292,7.646499133140628,A
0.01347039676810069,-0.021723026720410932,2.1924781420651533,2.3893213894815224,4.187164126066858,A
0.8237633657563104,2.657328934996875,3.4222770119606354,3.7458644999690978,3.332558685630156,A
2.0050987337838975,2.1938619300452613,3.27732637460147,-0.33477540065685574,3.6386384504624214,A
1.0790084998259948,0.9221751344417951,2.0441525471163406,2.363655588198499,0.3687982372630976,A
-0.9466235293241301,0.10671043765641175,3.24276288230758,3.9762541116802446,3.1955808852193304,A
1.016060900180775,1.5377126181128973,-0.08493877329914445,3.4381155413570808,3.5236048747752085,A
-0.412629552258178,0.5322982406446986,0.27493861799755104,4.549146270950868,1.4050286794925522,A
0.9290306566484616,3.36562900854006,2.4597119808411168,3.54774634527568,2.792146604275937,A
0.5990138311868753,0.5645013086665531,2.1249437935872333,4.266819510804977,6.476840667072434,A
2.6178374694533044,1.8441274918884991,2.0495748751625413,3.747635406047725,4.30131123845743,A
1.1004726933723843,1.7101117798628458,3.6186764686322594,3.9186258861092362,4.517584808563326,A
1.2018595180469442,3.1794180686220748,-0.039311901525156845,0.26167377723313656,5.84187291290566,A
2.84086788513445,1.2741638651664082,1.0667163880419748,1.9399120787295268,5.056814050195182,A
-0.029807178414861024,-0.6746350252225652,2.625164726473129,3.5783844260670836,0.1286930969715443,A
0.12798492675934459,-0.41087715074056064,4.6496045928136756,0.4807684285690974,1.1515182516757219,A
3.4295210738308284,0.9454367658626954,-1.254811625175082,1.7491579342960824,5.960038512603115,A
1.0587483837721285,2.3323543132484814,3.935607082251067,2.8581809163365075,6.1673813746117165,A
-0.06855990714584381,2.3031870847515297,1.1451299949261573,1.3068417962013499,5.580292045161353,A
-0.5101750179568705,1.2246462624010457,-0.2012150470344909,0.7961551169417596,3.18656782399357,A
1.0028372463271364,0.058391639887135804,-1.3836524603819376,3.858516616608815,5.930949808939208,A
1.1194112121235829,2.6678177471759947,1.2963187826784521,2.9321098110510944,2.876754830219334,A
2.949092567329175,-0.00834239414966853,0.6660574697688131,1.6079111590157953,4.462134554439947,A
2.6003003678856795,1.6997935859717268,4.069222934624227,3.741920036436856,4.749988182382449,A
-1.5365089690064822,3.7799315393211277,0.094682539883584,3.0122995504291343,3.1202753810072794,A
2.5628249206106206,0.40572531839859294,-0.005506047321799823,2.793498449189033,3.937936697072485,A
-0.8514686197103429,1.8774091798525245,0.4369488991983941,2.1502625863216265,2.940869240505908,A
-0.6257885255173612,-1.7690459926166735,1.262636242958377,4.852427304564345,1.7683742318318845,A
-0.09151225547101793,3.496626378438018,1.1140364968564391,1.8209446442047705,5.385104946915662,A
-0.0374683902031443,-0.6447582471065874,1.18530961727696,0.29869305940502233,2.599150583255761,A
1.4988277539590418,3.2342232661658707,1.8479553186030337,3.9002430688744805,6.028411328668545,A
1.9024122892673903,1.4118630518480304,2.727361963100429,2.8309047117806303,2.566233553751423,A
1.1146199604913278,-0.8420959828432775,0.9736924866233994,2.292395704613369,4.6278781481397075,A
0.9459687193800624,-0.5108356745792064,1.6109790695405504,1.6084716250249969,1.7354508172436511,A
0.43563524140577636,-2.0994802198860962,3.156341688063217,1.2443755859208485,4.343730914667843,A
0.5925171631625895,0.5183185255104099,2.408094870723542,3.4766825253862708,2.731954102225494,A
2.528789840396183,0.3206248082371723,2.493216542579762,3.6244160548696613,0.6116025559735463,A
0.5368766399503357,0.17909765307234182,1.8928921603905164,4.883111766399764,4.231727996400595,A
-0.6649112217315583,2.7677352655587844,2.7965713433555464,4.000322952584408,2.5602031460678516,A
0.09229970442949575,1.6925475519707784,0.5050573732823511,1.21530912887696,6.4867726878942875,A
-0.29952338893010766,-0.21570050188456014,2.1922337514181707,4.388047050566426,3.106141944919198,A
-0.7150359417769687,1.2754289197910134,2.3035889169711004,2.23607099774912,3.981965406634224,A
1.0204293602607448,1.597217326674642,2.042927374592175,2.636302554561556,5.520736870855578,A
1.850304525023438,3.294944989190505,-2.5144126150979496,3.721032412301787,5.601465273039198,A
0.6267240327451403,0.10266030195751474,5.155088141661295,2.1232272748837353,3.834750970660315,A
-0.312463356424461,1.876488822479687,1.9480283229558422,3.5022891587102385,4.274854449098225,A
-0.8714300075487305,2.0540876617914607,1.196240343784773,4.658077268669406,4.431641836248049,A
-0.1802131210539306,3.225793272049815,3.1583721869387356,3.798411256084567,4.707021362312581,A
-0.027774970364859097,2.5473192422753073,4.155007993797264,0.5155334861041037,5.410666038304286,A
1.3333829911035717,3.023188016402288,2.1184721100518367,3.1995763448091763,3.6329532625470113,A
2.5040858934860486,1.4603552158613158,3.7431850649439173,4.4034976874205825,2.7153257845819017,A
2.1294351275337724,1.7938944210292287,1.9649684661329974,4.746997439139491,2.7558660809539557,A
1.4061857588189912,2.261728667125518,0.8633244650416441,3.288863347381919,5.282439168387445,A
-0.9185584471028083,0.11972702198126584,1.2660879388453532,2.7468679382036547,2.954062482965699,A
0.7475956275727568,2.0875307206820843,1.0287874027596828,1.9144989593723245,2.811264975557934,A
2.365601878967042,-0.5810911554445599,2.5231284345145797,8.313585302520796,6.000388432944888,A
0.09071169656184908,1.2920524955312207,2.4215610790625974,0.40853435126664106,4.227100425996026,A
0.5070452583976128,0.8613330548462883,4.403971983218778,3.2570563078302515,3.6824952210454898,A
-2.538323352724849,2.8244312062015724,1.9330746354045327,3.326568614406349,3.521410198976237,A
1.2199481792445197,1.4818931666460735,-0.024031649378513098,1.772149806458484,3.250697176838022,A
1.3747819970882078,-1.3572742821321384,0.7672806185229935,4.0773786585629885,3.2809271859891416,A
3.193077716966061,2.082105230769959,3.07716934588102,3.1965888953902697,2.0961346718040526,A
-0.3311761675280662,-0.6405409015484353,2.1972352075634634,4.275486165707658,1.2174341670425948,A
-0.3172141527904737,1.0073597112167214,0.9472343057571455,1.6462982748224924,4.664408648924874,A
-0.2456083411906207,0.07883429902766148,2.7113599282392724,2.9470006246589366,6.250734051810612,A
1.4315623309761005,0.887630951661254,-0.025531713680465362,3.3341825650049977,4.352541036068986,A
1.0536475819948488,2.178735270453762,1.2550778231722686,2.706122714434287,4.331459846446386,A
1.3404882018367879,-2.06283616759128,0.6960545517698185,3.9974094934021895,1.980044002203452,A
0.2592290232281147,0.34579626110654693,-0.44494246478087485,3.5999979321365903,4.557485267526246,A
-0.545187899436012,1.7374818067501188,0.49315499979683963,4.350697728919594,3.8310033927883107,A
0.9048144751496936,0.7271812108379168,2.0798976916012655,6.028891079780855,4.38385467467344,A
1.998248504745336,0.33996575315673827,2.7342141844647503,2.8939007660553515,3.362606815913436,A
3.3106200056930537,3.9283860608834535,1.601219879423547,4.461734979358611,5.378912100049625,A
2.197918577922935,0.7464530668401059,5.154282126989625,2.8537735116177916,5.080149801511443,A
2.3147097251147564,0.720282928887306,1.8646443543928006,5.268225242302109,2.0484314750647243,A
3.396231758228908,0.41819715859610873,1.402601747595488,2.042604496560579,5.084322371753045,A
1.112601492659271,-1.2750408906175883,2.250929466301708,5.858501229459861,3.5193276947397396,A
3.9496798667789084,1.380371706955352,1.035294346799752,-1.6519875276051916,3.9625665617044876,A
2.192841147446384,1.9303300097317408,2.337871660559512,1.870863121480114,2.244145944960137,A
-0.8971722593742044,0.3347910845553582,2.6576450708236634,4.6655463033268365,1.1104651988735506,A
0.33753387154045056,0.9885287781787363,3.6290502357995824,4.6795169090929924,2.4950009133540654,A
1.8544215471471244,0.20060739926546134,1.7634895081588013,2.2821021347260477,4.415648930176084,A
0.01835357439443841,1.6317297097544627,0.6793809450526216,-0.6477417142154427,1.835315277861516,A
2.0041237450384575,1.5749596998316813,1.0671128090422368,2.373632607838697,2.269677037184876,A
0.45722427406086197,1.4337183890446563,3.38050474305051,3.036865013444926,4.86961272949946,A
2.1616954107929462,-0.5865253663965782,-0.09801315028907398,1.4193487931756934,4.373034056716589,A
-0.9843681469492154,2.2608794016339107,2.5853686196188135,5.519524848560773,4.3690809330412215,A
3.538973245657255,2.9555307699913422,3.4840269928613505,3.5882383018501716,3.736132433844787,A
-2.7567189882695575,1.2850396576065068,0.6448690371884791,2.430573281016278,5.278462421328881,A
1.8659695242769156,1.028567088969209,3.406205348652689,3.189846194870284,5.811361529304138,A
1.8804724680452631,1.5520077708128726,1.914347592477194,2.9736309995682357,6.848665390415066,A
0.18103909335013157,1.131093936812476,3.422673304728003,4.279182667006717,3.4170799812387473,A
0.9199820333650199,-0.921789567810982,1.324627529864961,2.492065689152718,5.039239428581195,A
1.19126897995272,-0.11848503215488249,1.5211985708544469,0.8613905288829122,3.27220573982877,A
1.3392140461463642,2.950820169453091,1.6693208796531867,4.388812095073792,6.231367162992227,A
3.6573479813324816,-0.2835269063475714,3.7341318731443742,3.736931636247295,5.549448458164127,A
-0.007208427214079105,3.3769443340069043,3.0310690580263917,5.4341768761520886,8.238141203968986,A
3.2061564911520963,1.4560360242833517,1.904726834810514,4.144186638950863,3.848482822473885,A
4.642136997012233,0.7749265472601371,6.395650195473073,5.062497695096269,3.7869404934738844,A
0.8884272013876756,0.25189518830260527,0.663639914324641,5.928742832069361,3.4070059378901547,A
2.2576407122737696,-0.2773434659888456,2.054246035298596,2.3555878892843434,5.798444385957756,A
-0.19698669514376066,1.047149621744964,0.7900043545933524,2.358559065741349,5.098764786782928,A
1.2503410450649564,1.7269473265019974,0.6571437828752837,-0.15266506469374264,3.598202089074372,A
-2.176353224062223,0.32274311421791113,2.7108472479325494,3.089628935148899,3.6610753586855567,A
2.008404695558748,3.7885528522092073,2.246078557184232,3.208612843625473,6.176637765863241,A
1.1283794698920415,1.717397563763126,1.523074395448866,0.8069835845777669,4.908524258996815,A
1.265440166983157,2.9056886278803296,0.581002897191851,2.763367089884942,2.8078802035307566,A
0.37426800584900144,3.260360244555067,2.5724852170562897,5.855943049087784,3.399840934833383,A
-0.7901593555349382,2.518041674211541,1.846482163274469,5.079176790613754,2.941335017515912,A
1.1186661110755873,0.6938680446751255,3.478337702492298,4.8985060333621115,2.0826595375858448,A
3.4294899506036605,-1.0923230474654289,3.222837269824362,4.629983282309816,2.487341625136911,A
-1.7681381621102021,2.5911749736584735,3.149911422744046,2.551855818523437,4.675629021947288,A
-0.2424309912829481,3.1865494859350023,3.4241875936613955,3.0019924677969225,6.300057312298055,A
-1.692245847685844,-0.19622823540217182,2.508754266916955,3.8838988615444405,2.81905629781132,A
0.7817714946488813,0.45371393886370814,0.9991398513753671,2.958252704429469,5.987155660670762,A
1.7397550898748715,1.2358582380183054,0.6385675574984737,1.93125645568991,3.9133029257626117,A
-1.4541876351237746,2.431388942164335,2.3915375132419316,2.4599498730281795,6.81820741186499,A
0.1630431983165853,2.7335055660172,4.3004516660881,3.2288299642249605,3.932014120125605,A
4.059134292728803,0.377062643244381,6.9329748389085095,3.3238057000695203,5.366979893480119,A
2.009972171057952,0.4495721570159573,2.0784880499530014,1.6097763839582164,3.1181594031901083,A
1.8868382650737123,1.1121098050477953,2.9559817458569557,4.9168572771350725,3.001130924974093,A
-0.06796398245501512,-0.04083154255964527,0.4915373529846738,2.847216537294134,3.533510081319322,A
2.0248891139049805,0.7084100907058695,3.2717135716628825,1.9196306743169322,3.5684076769763946,A
-0.47722724171379327,0.03009763710203417,2.1526696013927884,2.7984280536170334,1.7060378141901205,A
0.23744015643754068,0.16208785914715906,1.8690565817090568,4.343859795560327,4.0877762276833804,A
-0.16026888557399066,0.9489765927410395,1.921761822834753,1.863616021524191,3.8829202013356214,A
2.7426615252637463,1.0031168191482716,1.23084665286193,0.86744361813343,4.141511932651222,A
0.06904352166690131,1.1911892545139977,4.191438230577399,2.1181145882913253,4.459351248389676,A
-0.4864618907139382,2.513961351022606,1.2659104154956284,2.744271168992995,4.398171066573149,A
2.5942529422206277,1.718570003495256,1.1023438882657453,2.8621864587551644,3.2561451201583127,A
2.648858968193001,0.0633751296705024,1.9269042829716263,4.5458353681220105,5.862485137867476,A
1.317681593556388,1.4309004272012702,-0.5412379880828122,1.6859554431956676,2.720653900585143,A
-0.0246238386051858,2.246402332793271,3.576968316448667,3.1621962656887557,5.125179918054281,A
0.236798597688906,1.7545395977844964,0.9152062441791449,2.15437538245152,3.8046719678497953,A
1.0711101554580051,-0.4902969261128254,2.3171898833550664,3.3897430916485205,2.945248127426883,A
-3.289577795799822,2.6208367474106558,3.8271184771742153,3.1161717827195927,2.0941111908385315,A
-0.33581003931532405,1.4822008465634982,2.169315974440525,3.3623115011664355,4.688458354319549,A
-0.0850184290004723,0.7523531058055155,1.0843994670761983,4.775552336649714,2.3075188262114636,A
0.16631634009540797,-0.8645781582752732,1.8423799632358357,4.733964776250972,3.151098594131842,A
1.2444867827399073,1.4841126682219963,0.8862235471665636,1.5483726602352805,4.916408628040753,A
-1.6513119858369532,2.386135500526067,3.641836257310601,4.664195768910622,4.1684535106745075,A
-1.9914873245765143,0.4232405388910546,1.770567028109355,2.23863095291928,4.791779168349545,A
1.6826743230981016,1.2820780059619223,1.9193889723388726,2.595550513416133,6.747045177525748,A
0.5454652601881629,0.40033461619689326,3.895569644011495,1.5773385388398462,6.088025411192148,A
3.395983129599166,-1.7744554524718885,1.7972514311993355,5.336451124818593,6.2448247824139855,A
0.10375703843011408,0.22225285814230422,1.3735955035717047,2.022425259519226,2.8368736156122685,A
1.7141430624089873,0.7814979284532069,0.11642147253275881,3.2932611982730147,4.912660725817544,A
0.8321871444822896,1.774406602924886,2.221727926131521,4.27745832534165,2.6181980191949945,A
-0.7355152576256301,0.10280045330426368,2.675111134205534,5.873291553486252,3.330628138837075,A
-0.17264286355410596,0.042350171734801156,1.5915105188579812,2.9590373124534444,4.108913411276528,A
1.585470745678385,-1.8374394447630222,1.426111864639835,5.177237186800241,1.9657258344446977,A
1.2354866774786792,1.9136737282144942,2.6700990781723357,4.7630704548773775,3.2073552695507193,A
0.8789174630522937,0.7108012980437532,-0.9785597805797095,4.804464257908319,4.915944305687033,A
1.6862919401022873,3.0471410352377744,0.5595811685878467,-0.06872068218553107,4.234429466177474,A
0.3749873642875152,1.1238983047240922,2.304675050151687,0.9568799497951299,4.282835530468989,A
-1.0278217540836607,-0.6573851358780314,1.3956918403507488,2.9781001683570976,4.835554321664227,A
3.034852722877434,1.1666653604468624,2.317775269642488,1.9946897381286774,0.6014475352620798,A
1.910237036252442,2.2686467794166214,1.9754770873862166,3.0124606466601147,6.253974580539181,A
0.708729040967923,0.09398278036506968,1.3967656884077502,2.866077743803561,3.491141016224179,A
-1.6080556133607358,3.7436342710447845,2.101223771495227,3.078738047237121,5.246757486271951,A
0.9860858252485869,2.4546880168667906,1.7542754485179857,2.4282589380446193,3.2283500621751275,A
-1.3439495369984655,2.0273059185433286,1.0887783055402502,3.8718921579910726,4.9678703875217245,A
1.2693038687139206,0.5461071795961492,0.6124583794607574,3.1547400344429812,3.6269605479383644,A
1.5129662285952512,0.10326422659065226,0.004558657504240893,5.510780347085183,5.58577658743393,A
2.6087471541238187,-0.5202770632906624,0.8623831736007261,1.0194077274302653,5.9319476620317015,A
-0.6879677943321547,1.7854860787117426,2.1035331308533785,3.7303418025403543,1.941401089104653,A
-0.0114166410517349,-1.701791032472332,-0.0695830357665983,2.9032650891393215,4.171594132147823,A
2.8454103561120703,-0.2986449216507674,3.3412173933479163,4.051091744482369,4.479948383224618,A
-1.502009169645512,2.4467172221365026,3.420980214248772,2.95886473094914,2.7248290106472357,A
3.732441760705427,0.21695862222669648,5.841300983557087,3.118070131862055,2.403589547279761,A
1.5182634721460633,3.8451875901132735,3.604929980640952,3.974917501946099,5.0865225124807285,A
0.6314916951806355,2.5104860666516924,1.3522622310523946,4.3933243131611635,3.4422984209629144,A
-0.8166511840048629,0.2306547652373785,1.5740946408729766,2.8991124194234406,5.573892015751703,A
0.9267556116027198,1.048172476978769,3.4621482096013705,1.0239078617837627,4.351511734130455,A
0.14405212737560702,-0.531833246118091,1.7995828657182904,3.41695019908245,2.4522512962922116,A
1.6407016679811792,0.7655914092026266,2.53167027584298,3.6304187694551744,3.58006338638806,A
2.0588569884721384,0.1825659927682226,1.130885200455908,2.016626430966517,5.305757344857171,A
1.6404121190757806,2.8902686525325416,4.681339875064367,3.2067695640565033,3.892313323984401,A
0.570875015692644,-0.43878042926253213,0.9100444327192456,4.950428783213715,2.677065456960017,A
2.7987588135031114,1.4107915809445764,2.2546115228991965,3.0980690086145146,3.6985195132968673,A
1.3564041980747636,0.6771217446514428,0.15611437384023397,-0.0012055698022233052,6.066635120970568,A
2.134549859016592,0.3074328212680114,1.6329610910294694,2.046002143319867,3.3581220788895942,A
1.244879881100382,1.5616181586584559,2.374200395957921,2.356710790390676,4.09124831185332,A
2.7405203427136113,1.182985757080781,0.8696631411512468,2.9872297748201726,3.4805558491904574,A
1.650939451042531,2.608717127281599,0.09632267635996783,3.182734688798,6.9037700264199415,A
2.387979605365336,1.1729570498996604,-0.37955697910456054,5.019858873318201,2.538591342699295,A
4.147268401222531,0.4609828767505417,2.3715657054271486,3.3669961019458303,2.997263750965584,A
1.1094960812474168,0.6801673089276632,3.4585294806231897,3.7849205801025594,5.848049935211929,A
-1.0461765167481767,-1.8095143038880552,3.967956309949237,3.5202683305125593,3.348280808802012,A
2.9966533053010806,0.18846442338202796,3.175946851722708,3.998827521288036,3.9596293323635074,A
0.9893696862316756,2.1600670543767198,3.0345494398159483,0.8955127231943147,4.421833793195891,A
2.43571725103161,1.508464081128269,1.027336686943021,3.3828147878152417,4.28019938475445,A
2.453427949396681,0.06174197655203917,-0.3398051828665771,3.919341278198127,4.0378876507642785,A
-1.194614847037112,-0.586124948968483,4.33881517464641,3.937969048273342,1.9942470862180515,A
1.4622890621012825,1.34212519114737,2.914315741400266,1.8834948477725812,5.912411936779687,A
0.7576056734441188,2.755802598370214,3.8437560648712186,2.778617571732138,4.691331462430877,A
2.057874094265565,0.07661566767817296,1.3150871951788399,2.2750262279781657,3.218520603208572,A
2.3421179252541213,2.314673369313224,3.7296554624977443,6.06394457703416,6.854919335060863,A
0.5950856000895672,3.0580196618964823,3.4625365679299813,2.4342072468155784,3.379589091533577,A
1.7182341089351134,1.9365302337224164,3.211850603388543,3.9858000788158,5.119890559339042,A
-1.2027332310828465,-0.7547580895689352,0.8034949536547125,2.139042577974672,3.677018690915565,A
1.4801278503605135,1.9553530703353785,-0.4596680955733783,2.9144892891833654,6.223244979191888,A
2.5472173370697417,1.1223304678483976,3.0207302783411993,5.67412059921987,4.040882383751135,A
0.6231688287249071,-0.08896079852516658,2.3925588258830173,4.99850756070761,6.119571431962431,A
2.540433133617829,3.150547882361486,0.8845465892507929,3.561498829025828,5.48435563895267,A
-0.7642651508209697,2.9503868135163334,0.1341852631961522,0.2590561559417015,7.154458041236559,A
1.9288062097984937,3.3106223208330516,1.3896936041665742,1.2919581382494707,4.413792368569877,B
0.21149760659305405,5.4772343250939155,5.183308880613213,0.4198280680750991,3.512649181128511,B
3.4761702054393706,2.9054306302173525,-0.497249832784189,1.9445609067438476,2.389153032363908,B
0.5060940224280432,2.1154777631773616,1.5590472977395597,1.4368187917369815,6.573029729332199,B
2.8638175722087356,3.941046862963069,2.596055077136965,1.1377212666967274,6.000998679706184,B
4.0746900698824575,3.784494768955144,-0.09698216127034587,1.6428868380684105,4.350851015160107,B
1.8275723719575692,5.314693544671786,0.6614436429266881,1.0924926996358928,7.354107782477528,B
5.155824250956128,1.585270008504265,1.4894686611770913,1.750978305310066,4.202761664978106,B
4.1547488190993604,1.62441952623543,-0.10297782283210788,-0.16349885985453172,6.0793481114666985,B
1.5295060368378612,-0.6109786598847147,-1.6926381391240182,1.2744011599547465,4.674564392066597,B
-1.2981826111487593,0.928102397343884,0.5333573083434485,0.9541610244416809,4.04069416478369,B
1.6336463184733097,4.848545795496416,2.556505740060955,1.6508177118460943,5.0375999276864265,B
3.084284035067843,0.8623467659294599,0.7183313043111618,-0.6967946752474017,5.019485720821643,B
2.622933632799567,2.070744057522017,2.209956554931196,-0.9171087167371343,3.677509854928476,B
5.62937777910256,2.980771501936403,1.4024779178548215,-1.1885561906279465,5.725550510023553,B
3.4762063473376807,1.2241138390724338,2.0984204969985427,2.2484795818449275,5.454606617795388,B
2.5903618739024914,3.833597808086107,2.6594696644463713,2.2889350694847117,6.428886044337886,B
-0.44795142597083926,1.3242044612071078,1.8394330484284365,0.17321760292646438,4.172132072222269,B
2.9098610276114054,4.916189781048153,-0.7009787568694703,1.225596712107248,5.085995804632052,B
2.9100426301102855,0.6029804523020674,0.01152022756643123,0.5024304720985049,5.379232161206434,B
2.6383967818425473,0.5714251160523474,1.7090332678218318,2.281054511967236,4.414329624537096,B
1.061772504644896,5.020085841320274,0.2582074777056088,-1.0583839493084515,6.557903645653333,B
1.6492288860085604,3.7312498636786957,-0.6727860072258767,1.7977413026146518,3.2291695304244845,B
2.773987343343884,2.760576270074522,3.2986594765257577,-1.827423513581953,4.254489139944327,B
3.9257015857793385,1.1638408361519639,2.166587664471203,-0.03739553363305115,6.069929051658082,B
-0.1547218572705784,4.604858182060495,3.169624757070775,-0.04445618342463398,4.273522552179965,B
-0.40650050946358895,2.0886521090485317,0.08286462772844883,0.8804878152327177,5.4083907673350495,B
0.009877724761560458,1.096051771488202,-1.0647169538813737,1.8582915295639029,4.932021341932631,B
0.2368685990228021,2.8992210951771282,3.1136602215122804,2.67836182447365,4.580332264619509,B
1.0465620907863415,1.313841864330938,1.611755376507129,-0.7284318752145744,4.4321794868819335,B
4.179705828036205,4.266743181960481,0.6801322720781602,-1.6743407714384282,4.717638316197456,B
3.55107590615205,3.2875051893285803,-0.267610299851879,2.3650337233070693,4.689466375879175,B
1.0374064073989475,4.598419606538166,1.4242014088570958,-1.376271493176115,3.9191884409896947,B
2.4957721660276153,-0.013544096854399612,2.2577531613065944,-0.2779191485811421,5.9576647813213555,B
2.9504667136411014,5.261242815340012,0.8172103672819789,1.4237828984118661,4.825994184631381,B
2.7318485877868235,3.116320233364311,1.6630001907272907,0.9547073672936589,4.776606824072478,B
4.740261040387891,1.8228854426486822,-0.5725251524590476,2.2202038810191818,4.138317147961333,B
3.3720607264271747,5.355838536376441,-2.3700382127044963,3.246440565821568,4.594673195702982,B
-0.10331368301314026,2.4923060981357565,-1.6950566894981995,2.1533824879968355,4.409829560873988,B
3.003664613047043,7.126586724763872,2.6421790583071583,2.742887067908268,3.9875118340533566,B
0.8958384977422171,2.858483788864301,0.9144850861470591,-1.0337043956107737,8.108758949974256,B
1.8359893212354097,1.9211090292931678,0.5326722392102736,0.3713781971946557,5.2058842343834435,B
2.0097988103378093,1.5613446969405538,-0.9127674052865267,3.3434352633654205,4.313609686263469,B
0.17172506827549983,4.0690286552999595,0.9786004314978511,0.8245123929701738,7.131047725822015,B
2.073275491085486,2.6954222995552564,4.292951077435047,0.6807652268315103,5.230912164527397,B
1.1780301137375957,2.2644175345012267,1.4516304846286945,0.20154112881148079,5.106852829538226,B
2.379393847981788,3.801819845434273,0.1917173969810847,2.3813273352016298,3.779346216673332,B
5.183749508256291,3.8162466968408713,0.35143496440168276,0.3719002648716876,4.677690372289581,B
-1.8059298394249441,2.932100190994166,0.49978664100354786,-1.1362005573241754,5.457469934167667,B
1.60374523905586,3.8212768236003076,-1.0841775437861205,0.8475337567946876,4.530375625887346,B
1.3746025422117565,1.8090409864527206,-2.3528954071082966,-0.16829417526919288,4.736805001716619,B
4.3363761239567395,1.9782999226125553,1.624636767275357,0.0003468918272935273,5.931601871803884,B
1.060997835405082,4.18104216706102,-0.9561206706733383,1.163364608978043,6.143439727420757,B
2.142133931729355,3.163157771130136,-0.19419064360494742,0.4689742437686647,7.027363975912499,B
1.760581978440364,0.4812268394216459,-2.037093418794843,0.19944727485837865,4.770839093862716,B
0.8091249080313709,3.822569549957151,1.157123858504618,0.5770664754142383,4.240171151567686,B
0.08614523410023889,3.211172379376406,1.4285489360340387,0.5091748333122017,2.6106602758122106,B
-1.169736915857405,2.7232450568709505,-0.4173461179157336,1.95764156049829,5.865294908338483,B
1.2207539659936166,1.0408063989070222,3.2013954816762453,3.4712435398400676,5.293354726075769,B
0.751828427327192,6.269173350539821,-0.7169130011204361,1.1198752597520705,3.4214286187983607,B
1.396489641597491,4.174800593584526,1.5415207613180932,-3.4861079064087725,6.286441580398759,B
1.726350888425962,4.716673290517628,4.606584816676,3.4477564830659255,3.2857566280477046,B
1.0168426185246249,1.1544595407931795,0.0067833207622327585,1.8438164141010995,7.583236119072662,B
0.820237983088578,3.769271480016723,3.795518938150788,0.23892676162191262,7.059428141630152,B
1.5552024685175196,0.37790299998356636,2.3520963591770565,2.511932262409455,4.896628995624727,B
-0.15015402744664375,4.7954205877453235,-3.255376799078265,2.686333773675339,4.365942407528112,B
1.9921227071246472,3.526373936874287,0.48306368697277857,0.7908743290510503,5.498319202862687,B
2.5759995000414677,1.618663633206479,0.5760523248265773,2.5852626311662705,1.5342742695477662,B
1.4038405226750343,3.8237563465254505,-0.1608235649017904,0.9284448673526076,4.617331193138316,B
0.2756179942334611,2.9412704957466196,-0.8883734281801419,3.1922693398921793,3.8693141856339177,B
1.8639255502333287,4.144482468170062,1.6522347311273782,1.08001415694801,5.809117714518483,B
2.7021996418713368,2.8860055290186892,0.166354233560288,2.2265622369438294,4.79469197445219,B
2.4707001109019,3.0782935192460346,2.1603410579715754,-0.9076882476725525,4.969403700381135,B
3.268036174801687,4.176337441319308,1.7705037932676866,2.5071192535627858,4.832194646013955,B
1.6638652893097372,3.3429895945261277,-0.15142924175812889,1.5798034072228457,5.841078648680041,B
0.8223193727331739,5.541364991192355,0.4819995955745392,0.4662537916615236,4.409637919806645,B
1.0456010974839312,4.815510142881115,-0.5167919498008489,0.040566097234899345,6.954192382955859,B
2.0614659710121233,3.263108682164761,3.5777489583097712,0.6190985808208361,7.649054152077689,B
1.3384394256747754,4.110107535804139,2.1591953880225585,0.5204692288732657,5.867630722047538,B
2.4041156086195703,1.9451622900740675,0.42266420473697397,-1.5958899987500206,5.749238204591214,B
0.026422977998770802,5.446061449085051,0.43775670859859694,-0.31370269419612007,5.369287578117734,B
-1.2018901414694807,6.410081417819683,1.5197617216351698,0.26225414810323655,5.482733455150578,B
1.4290776001479335,4.6401201624124635,-0.8630500245080999,0.798375498293811,6.555995444953552,B
0.6640596322776229,3.6419619098087335,0.9353942768398675,-0.304338671179478,1.3853095195453817,B
2.59926136339646,0.6700341481786078,0.4401340528067944,-0.38971299858268726,6.422968668396718,B
1.5420464770935558,2.239934371967857,2.6664389444576906,0.22754944835630764,5.678387833213736,B
0.31622249452046725,1.0156966192567194,-0.12976079108362804,1.3410137293377797,7.214919822291574,B
1.8784151289264661,2.653620226227559,1.9679131656602933,2.4146600118882553,5.484564854209577,B
2.0387292121297866,2.997771603251294,1.911185348966634,0.002795215742529722,4.959456066578246,B
0.27097231327599136,3.8350856913963143,-1.7465735741280808,3.887339153835699,6.531775211119586,B
1.3127809215235926,1.9337391374424624,-2.7553879488115904,0.3129860572221459,3.7512743003986007,B
3.1295057606776435,3.615462390186786,-1.6900262829417123,1.4437744130161478,5.414833409681226,B
1.3092441220337727,0.9053547893804033,0.9649657266715903,0.4216329408197198,6.798511396545974,B
3.5202712028252727,-0.4618071720027994,-0.9526152701144321,1.4750660607286858,4.427749964835872,B
1.5929398901446556,2.877479927340951,1.629340474172735,-0.1513377765615549,4.487890810546091,B
0.7996204680682482,2.0234183265935073,-0.850014064255183,2.854829662134654,5.722289289968321,B
2.5322753282658828,4.402284475139302,-0.6820579516028535,2.8494087427469394,3.6312104157781526,B
1.45835020165184,2.034202855286532,-1.490026632588759,-0.7315044592595001,2.710672232630613,B
1.478049837394971,4.025739497110436,0.4564118364129274,1.5908623758618021,4.588555530057306,B
-1.7600849010213304,5.714105776386604,0.9478968074203302,0.48676207294319473,2.1593367200573903,B
-0.5397731772378553,3.047608498810564,1.3719055465220413,2.8117181521794192,3.6847753898973528,B
3.0460034029374814,2.522411068203221,2.3681841260107133,1.9333862611707446,6.322611752429475,B
2.7162617739335504,3.4663353923531255,2.002302051407456,-2.041019222352996,5.9837717276216225,B
3.289631310763966,2.1155082802315714,1.2028560033931082,-2.0647803627519523,4.998133524552335,B
2.3365220192262495,4.632592424290781,0.3361178076906248,0.2708619475272416,4.058686903374653,B
3.352039536553815,2.8478221073085086,0.3092673379203784,2.375230583383825,4.782986992352344,B
3.7736089368231056,4.469615540027446,1.4606408607937387,2.551295927618815,8.187658104263848,B
1.8210200617178478,1.529673264943319,3.649107288044508,3.0019440522691543,6.209942885168676,B
2.8619836589894927,4.364796320961387,-0.3203491577726014,-0.4955705591474924,8.329139601205526,B
3.3341156715505402,4.219871472998214,1.7069874737939386,3.4505713197992587,5.428623407337106,B
-0.6850342539853966,1.0531472214278175,3.156594010858924,0.15058739706107815,6.804497856779973,B
2.096934991761808,6.0364788571851715,0.164447548096461,1.6020265557280657,2.597034501160082,B
1.2355053442986312,2.1616920100792956,2.52813957889356,-1.1223927306956174,3.8669952216877093,B
0.11480748126385198,1.9847828235999965,0.40027808990741454,1.322290185267184,5.8643419884537895,B
2.3449297921931094,2.5838882026133017,0.21797367780013432,0.006659190651733815,4.857658238480183,B
3.307094062390375,3.3955387518444002,1.7945066394769393,0.9485404641155468,6.141823345437822,B
3.7266272495442956,2.3236292258016458,1.6189662596937244,3.5775821365413973,3.7529891624248126,B
2.339821797121945,3.4699990341232105,1.9946986921310161,0.7107487280459066,4.564176736937578,B
0.5522807649162655,0.5404530877228209,1.0684005917711494,-0.15821970264597796,5.831222141579141,B
3.098588538876524,4.174305837148202,3.475524874676442,2.9402987344861944,4.850005974012804,B
4.319973050306839,3.42474943459841,1.714855839458452,1.571739116001018,6.04049878475447,B
2.033289792341428,3.820241645623195,0.14710936341014647,2.7707368388574825,6.219754521360894,B
2.458487650703213,5.8551617976411805,-0.0836458287567996,-0.26668553528921946,4.835785559980249,B
2.611637752082131,1.9871191104786847,0.5931637182373809,1.6965142724411857,3.497232432138616,B
1.8521481142814311,2.3621124534195808,-0.5154015964764664,1.923668017812347,5.561366307695181,B
3.0190176620995324,4.420341136993619,0.8112785928812277,-0.12886151936346657,3.8277726862129855,B
0.03699326621290577,4.476722430485577,0.21951790951899752,2.0738374638831467,7.895751078345054,B
0.8425296070384849,4.7388400714925965,0.5663581218245123,1.0902422242562246,5.173775353030492,B
2.3484568951791682,2.116102760865102,1.3744457329787036,1.3905792831318664,4.656110324547657,B
1.8305099007362384,2.5473419429813764,2.0845369161875213,-1.967775793188825,3.7026100100329025,B
2.424959230969124,2.535622067021882,0.4484185705945771,0.6555217155951709,3.966330995621931,B
3.349301049126871,3.1676104555727114,-0.2606501182361214,0.6182451672299847,5.053637713831525,B
2.5049020978137038,5.672281920393477,0.0317825994105263,1.4205979084791693,4.863338942867622,B
1.2544457656708454,2.354389415695,0.005881627083665575,-2.9886544338632453,2.746109724428423,B
2.451388564395267,5.507947971574842,0.051238446776988744,-0.006335565430912737,5.0337507072951455,B
1.5180887191313848,3.1204451397509247,2.8153393631537136,2.514583102052148,6.564399848442564,B
3.240725189137496,2.9572165776245174,3.1549930206986745,-0.642950447723361,7.287159144756302,B
2.2130850559052573,2.519989299260035,4.453943715238322,1.7916176420290437,3.705840235716181,B
2.1428652407452153,6.339541931595415,1.9735033504112516,2.678080394633231,4.309902553586317,B
4.048724128734392,3.856392406519503,0.06834067743672267,1.6395823953219342,4.836095825625632,B
1.8278658396372318,3.6366270450290443,0.36420251481598687,0.6581891465791451,5.513661745292984,B
1.5339100201783444,3.5203304249517666,2.0103532483294755,2.183645420354392,6.4123519396279445,B
2.2422700588695914,2.986554687663123,3.1594269901581638,2.333077399152439,5.760883788690764,B
0.8476589760448139,5.281954886901634,2.6542169421901525,1.0056885441639059,5.7566273875528395,B
0.07877925104383121,2.8061981262825486,1.7512472273398634,1.2455302079762283,7.268900372577594,B
1.1123282269677937,1.8780972566463159,2.1556876647815963,1.6137279818479933,6.857748860605343,B
2.743650394182743,4.083199352159021,0.040426801824036684,1.5064324403928047,7.221259798037947,B
1.6548111405675483,3.375390825828849,-0.03853427429546796,-0.666524909917205,4.451810836418375,B
4.89600042381649,2.1863732667566262,0.5581977181337137,-0.11241552625387263,3.0867569389665093,B
3.974287058039941,4.027305035526789,0.5661514461785282,-0.33430401070684224,2.9372062765796008,B
2.9328853497186427,4.22808451333896,2.4013297734868404,0.6998727533844782,4.64502473247856,B
1.9801135248256119,0.716882530681811,2.250096793611974,1.9701107530858533,2.3323850984352856,B
3.89787034778413,1.0717246305991428,-0.01278288240696246,1.7351131155135162,4.085438123583522,B
1.659937643407045,5.9900747650470985,1.4281502054380444,3.22869303438862,5.932219278608511,B
0.9520520830839161,1.1521207564223883,0.5742377934732253,1.5371393579727406,6.3294098640790954,B
1.7452841853035164,1.9769159840687873,1.3332232208803882,1.6143374064572094,6.562330157640281,B
1.7842215991319539,1.8294146612592208,-0.9406212442813089,4.0016620502028255,4.187076010778343,B
2.8227659514277437,2.798915042600061,1.1931189738750716,1.4955993555555183,5.05771335229691,B
1.9635310908961836,2.530037634287278,0.8960659171864451,-0.6174017183613061,3.9347156744393192,B
1.8502199927774243,5.00207344663055,3.6756854205547196,0.4660991132682284,3.8566430734275086,B
5.208817968581974,1.6598761702453817,2.8211083056113466,0.9996565255984999,4.441975300864146,B
0.6105564900436344,2.799424505333339,2.1814615825871666,-1.2802937148315192,5.09119640420141,B
1.6545621528799044,3.4588818797509844,0.9111268107040178,2.616362318683979,6.100050029856208,B
-0.052242784083861515,2.523852149129449,-3.095534833570886,-1.0408049892965852,5.944824071427002,B
2.174879600407342,3.3027670908457103,0.4119973693066131,3.1992280343263406,2.993892104885369,B
2.135589064630532,4.69288826986816,0.4381231530635721,-2.2166528127033556,5.205587639726606,B
0.3727675888165489,3.8324122136639533,0.5221222883704459,-0.8474719061425575,5.6422577979955815,B
3.222269527688985,1.6426505609271869,1.102558149402139,2.215069140269738,1.753149875775362,B
3.252419880421648,4.622215340858428,3.1803629130547497,1.153335066057245,3.0840964372682818,B
3.5422494315878463,2.5334672213350737,0.5809728848443787,0.8213090967701471,4.667146413340489,B
3.2090457666247305,4.113817326918061,0.15252365563154524,-1.9236111230194082,5.3460731810199595,B
2.925964922019248,3.148879747675371,-0.4168312314692324,-1.1638036234202849,5.318047487260135,B
1.284838400005924,4.244219417085491,-0.8984845585978563,1.6350893760371221,5.458643139702414,B
1.136199949445131,3.7399329353911446,1.069430931243788,0.9939792252007312,6.948529864321293,B
3.284592319579323,4.763890044969303,-0.1982742435029643,-1.0243716419235573,5.761999886815518,B
0.2986867391409618,2.784483816035947,1.4092540282936534,0.8293567777612456,4.457621124544967,B
0.034961314052253556,2.864736221236578,0.3183238513307497,0.9258651253223102,4.657172023174408,B
2.7927848706163587,4.181148845900661,2.2377845244799452,-0.9102399228192022,6.240783102136394,B
-1.3761911794567805,6.42154890622245,2.641815773356181,2.8531665031472198,4.432060659136734,B
2.635620646489764,1.1765129264668777,0.2502864256565296,2.950965261473744,4.7126110448101075,B
1.6884148249572197,2.2490998282842263,2.4897954343829998,1.5365136729816973,5.19817980398822,B
1.848918466931765,3.4070859503318442,0.789833213652916,3.584772847261016,4.663070772152127,B
-0.24511658002114656,4.197074279019095,0.06073460725755275,1.584034212862651,5.075196812992876,B
2.6395743612249385,0.7622420624797064,3.893482169136378,1.7065977364165639,7.156057370565527,B
2.7270568123986045,-1.1439787993111619,0.9878749633603038,-0.9244118433806892,5.694599124595695,B
3.4339737661987093,2.8542768662496045,-1.7961603004312359,-1.7936175885806906,7.977634747661774,B
2.691846394748942,3.3226107171103054,1.0362080134247182,1.8827583114751913,6.39646759421169,B
1.6173622803729533,1.9305983368509767,1.5564103943401548,0.28322718033511307,4.845182965073165,B
1.1885417748251492,0.585825616921607,1.2181642346696326,0.07526707010970657,5.117897934112497,B
0.6402179607182248,2.909849955846465,1.1733065595010903,1.183775911933108,4.929816357844149,B
1.5571235095912233,3.0876082406806473,0.4583950868627519,0.08570598336184188,4.649368100472418,B
-0.45377356615609665,2.0471926434222603,2.2613737646762195,0.8071120173196611,4.752275254064716,B
2.46675904879775,3.4746134356731426,1.1637487481256437,1.3802439021839739,6.1980400155831505,B
0.15430978624739322,0.23591815986862885,-1.2125256244551728,-0.231085746369742,6.8812108592112295,B
1.0497233145727338,0.8610986463045922,3.597920150484714,2.4021097564606118,3.4816893349161817,B
3.306703064261203,4.429640045903923,1.1370096291136274,4.666462445962928,2.247704615131906,B
2.7971301923040324,-0.017161118233501416,2.2603204775465304,1.3299109741446378,4.736232984265226,B
1.7772214194409897,2.777128366968975,3.081325315642876,0.5437094789311795,4.671742298737552,B
1.6218207396769473,3.886092091061813,0.14289639862327908,-0.547039852810258,6.9183589455536785,B
1.175856544096256,2.32769480639307,1.2838299512948703,2.7804920726022324,6.292242948503076,B
1.9474560404971784,1.9243691106381682,1.2635110386345954,3.9329323609959004,5.163677701193776,B
2.0089185374696226,3.197520590205769,1.5530000006663642,1.8242097745333026,5.3284120359753215,B
0.5298938206953896,3.632650880463504,1.3571246939679298,2.1402234786397853,6.005887944035653,B
0.05938307018922373,3.0942052886116653,1.25847247956939,0.775805414235096,4.574416414189327,B
-0.2978600958037321,2.940768364697373,0.15539611186170077,1.2279350168082501,5.955674250568257,B
0.7312803920066948,4.732944975890658,2.2375751991309967,0.3781853875570088,7.4393659664386105,B
3.7917144572383275,2.994912697534879,1.0459509918838354,1.472250006465136,7.034558487411634,B
1.7279964595744968,2.6344832302760053,-0.19074359969163868,0.39458970553775496,2.4674072658602655,B
2.431367421264269,3.729381204491431,1.1295640336251787,0.6039193343373969,4.1924346586131485,B
5.380296088852148,3.939019410731818,-1.3339714939298477,1.112721978328085,3.954936294031153,B
2.2270448192667334,2.5971824245690884,2.6187193513904754,0.4430338422014971,6.067421536154356,B
2.3926363986443606,3.9857019370224407,-0.1296915219565662,2.5175136061485204,6.238890153390378,B
0.871187972265622,3.3049862728542108,1.076930297377465,3.466292654256936,5.448881665981768,B
-1.7997036023365247,4.3197844231325675,-0.4380062998251002,0.9126813218841251,3.7617692826218407,B
2.2513920524615916,2.836794403310058,-1.230677090204063,-0.739634247430508,6.2311859295788965,B
1.5964702644311493,5.331896639709909,-0.1923382397274671,0.9666206844328078,5.413000181702136,B
1.5540816426426902,4.417514231267289,1.2312093556340846,1.4385080475185619,3.0473823126914716,B
1.6063993432498842,4.1626648097588,1.1587227174983472,0.8297321321390871,2.7443359408454837,B
2.372889715056911,2.8625171004801833,1.0334470652638699,0.8208651673840525,4.720013887589185,B
1.7402997418290949,5.209907396220258,2.3592624676428517,-0.5370684960513239,4.532124292228156,B
1.8128821347524875,3.612378922748905,-2.004902880079368,2.0371329150264508,5.666011811866968,B
-0.7802976204990761,2.035465612649534,1.062513044535133,3.2154405907367845,5.646162826905606,B
3.632411490674298,4.250017723092491,-0.4668105917857652,-0.2638573620851785,4.5809310309578315,B
0.6988944706543863,1.1757287662777516,1.3942414310123858,2.8309803851657573,5.845641185486374,B
2.315801552753135,1.0403402806883673,-0.17233047923545408,2.130659378750499,6.125166899868804,B
1.8215207187294082,4.092740431595144,0.40409771474960987,2.8562914991764488,3.0395267402036747,B
2.6545294905635037,3.805679664949893,0.1926759685784174,-0.0972248494448924,3.521122171557237,B
4.257240473833759,2.2634686154924135,0.06403083592683212,1.2771982132450623,3.876253320711558,B
2.300704792765809,3.1058657458751675,0.6418135157779874,-0.36081396200070626,1.7636188471731105,B
1.3147406919990003,1.3731064370201982,-0.6505381480188901,0.8377421027705889,3.195979529806366,B
5.2290265537669995,4.670173984799022,-0.6754953139985338,2.7057126894940353,7.003248631198293,B
2.748294063172704,2.5870748870763856,2.355801247882125,2.3297391340458566,4.561573153567214,B
0.8431218853947158,4.77059402263095,2.16147774103852,0.08960611009871933,3.1915376288996518,B
-0.7961864560936047,1.836550851186444,-1.2829689055680102,2.0738998346549753,4.2748575162524185,B
0.8882801212528766,1.4227992880375853,0.5636921873750624,0.7652280231156849,5.890415685150197,B
2.2302205896557568,4.501876572969737,1.3881350065851008,2.036861473749552,5.036517585473689,B
4.541666337665278,0.4584561581598905,3.681479437313746,0.8816705420281095,6.228193877165708,B
4.111233779406736,3.1522194268978434,0.18625772172934962,2.982295609652349,3.4375948754696815,B
-0.7834418346127148,2.6183786620482064,2.7528897359641276,1.0237691140872536,2.617375140551585,B
1.8789080688621569,2.628829516038384,1.2635986991871082,2.2070175897546,4.8416826191467415,B
2.6571031648716787,2.422716191468547,1.5616734970115882,1.0268543063025224,4.142253563864517,B
1.8645367558190604,3.342555720570636,1.6629788049177765,-0.05243437190930167,6.302741145341166,B
0.38980212395715785,2.34168333289815,1.8065035847981625,2.9965600644016908,3.154394958298792,B
0.22681235280621825,2.7748511187315805,1.7601682763941255,1.4275365839188516,6.790517269126792,B
3.040308914465408,1.8569521273773375,0.725744595405125,4.616577398992913,3.6406424158279003,B
3.844444331828396,5.228009365602827,4.147041091938444,1.4691281622831054,7.43624086033423,B
1.1908934609803914,4.090254278031251,4.388378818593536,0.5751608987520203,3.934654444652863,B
3.1130312448428925,0.6092666379142795,0.9851085735856837,0.5790977816626037,4.170570804422607,B
1.6161658239701213,2.130827284583881,-0.4501887699042899,2.376358839802501,3.7928347014030184,B
1.954328708934558,0.8269057550975409,0.4404861392450232,1.450185303943333,5.577984331850274,B
0.14498731394824138,1.2441539505731114,0.7392906593327733,2.323501766328264,7.60904664906597,B
2.323774865304342,2.9005586787422395,3.9744985228835663,0.42061491765930037,3.9342282873255665,B
3.1799243258479306,3.10401552172968,1.7255253686336702,0.24507310978705776,7.150317873322604,B
3.4251424575691587,3.352103137132882,0.49525641794521846,0.6692930625620441,6.197442038471706,B
3.06984398385128,3.1853399934642064,0.3696161423062726,-1.0905000483664007,5.264121134514336,B
1.2597513069066564,3.27094085390936,0.7133829096264305,2.9328068521303443,7.118788742752306,B
0.7510979122160968,1.8372183254974987,1.8397721150202289,2.0306855797521504,4.836498451109074,B
1.878791661341254,3.328060344973987,-0.6948912082806646,0.28547206446284235,6.173436629498782,B
-0.9014515191160655,1.8365440363767767,1.1276644103933504,-0.5451406281669198,3.646621275329692,B
1.092547224721995,1.7065383574263744,1.6490398783719273,0.5415610246492458,6.5701796719895045,B
3.0502982715472218,4.454433942120574,1.1537703595815965,2.7102452774553374,3.7362145520336263,B
0.004842423950385921,4.7966969885596225,4.897015468064886,-0.7285138448160817,4.1901072355777265,B
2.7671930455228475,2.8644878488970393,3.8351065143378684,0.8941693389844029,4.755080487121414,B
1.745898781377952,1.3135264764550776,2.1689076428404963,-0.6912333466645364,7.021056280899314,B
2.4791829373609313,3.027343923915024,-2.2071993734022617,-0.019704063923734028,4.171984277984675,B
3.1560483939529096,4.606494559283066,0.6275115197192505,0.0433052915150548,3.6852875863012233,B
3.177261410036933,4.023900439299647,0.7229024199168582,-0.026149047228045008,5.239331378294489,B
5.212013969244969,4.449551481714879,0.1319566582446111,0.8385859980467745,5.310067013590586,B
1.4492670523050455,3.7789089198468138,0.38908355415085405,-2.745916377734604,4.794733966541864,B
2.822908382329758,2.7791987010879406,0.28582695185287876,2.7026413693955185,3.031708789795058,B
3.1849701364980696,3.441645816743731,4.359941757575255,0.5713389469969703,6.703188718485427,B
2.5597501340128517,4.464453615827651,-0.055289462514211074,-0.21177396633826961,6.088080383549738,B
4.205989713123454,3.5822656464960096,2.100627359697242,2.3004945508305603,6.184441597806359,B
0.17137638305525482,3.569826995813621,1.9451214011539673,3.0478653040011707,6.495137293362049,B
2.6180072559153844,5.687110283787897,-0.5575846215038218,-1.2086560255044487,5.184483308244374,B
2.747587817982022,1.7068146587119069,0.6242352140777878,1.3686513447998374,7.105230669521603,B
2.857002547139951,5.3356469683156496,-1.238740769545768,-1.0701308581002018,5.32269695165955,B
2.4062814074073393,3.6708140590778306,1.5209841766066377,3.7722857724647203,7.289497778627383,B
0.4022365132990444,3.3719119293127933,0.16634020005269945,0.7382673101199031,4.260468577625077,B
0.07945711755736684,2.621309530499774,1.4327494780190069,0.14543175638151307,4.181711141532823,B
-0.11595781790098325,2.49610366073337,-0.22095235841626093,3.5672309189670597,4.614113768940473,B
1.1450034950430399,3.628646017760598,2.442094681905173,0.37728719540746647,5.1316178399604215,B
3.40513959656887,1.5281529681964985,1.5368823774515032,1.3432054621424685,2.7523612436036835,B
0.9174033210782717,4.057959278516291,1.3129259533830044,3.932143744574868,3.387099865222434,B
4.333628223082824,2.041144753066445,-1.4173551923525092,0.030925177369392487,4.1874028441570035,B
2.2191057482663323,1.09307426242136,0.2656074161047072,1.4734111203737394,3.132513701673882,B
1.0234228765407778,2.5082677331205305,3.233639875126604,-0.16059844016583824,2.959265891164588,B
3.0009930633703386,3.866161437293247,1.8140718507713673,1.5841427604581761,5.343927517392086,B
3.302943018353573,1.6076849231641301,-0.8713844869311,-0.032127827068556325,7.8398399738824605,B
3.594593961939609,4.592234608078781,1.41030127697909,2.4045231156608007,2.7284571371624557,B
0.4812694881038724,3.007655695898844,1.3418962969724124,-0.24463908285330604,4.934183177917927,B
1.7499969311179193,5.0505465817331885,0.48666261167048386,4.125566964455791,9.489986944872308,B
0.9728108431332918,2.28263640303404,-0.6082531911034104,1.3468835584323915,3.3790816036581472,B
-0.20537137682066042,1.6849918771475605,2.2467315193004476,-1.5373608831834962,8.677479708968914,B
1.4159282721558295,3.681507255828235,1.2328378732009568,2.0835767378490635,3.6652137006380245,B
3.5162125579281467,2.2582845163680454,-1.5817514240871269,0.06550903548410891,7.029252504637059,B
2.7008622609418778,5.553576891484687,3.2798370279071367,0.9091920402261301,7.355920884960915,B
2.229532663827803,4.272301641397158,1.0664589224407743,1.0857601692892591,5.193882452063732,B
3.813375730143661,1.9467711212006793,1.4261221149160315,1.613514367305823,2.0277614750352515,B
1.3584116021561616,2.5733730330306486,0.43899262232492764,-0.6580634273683394,5.7650886081195525,B
1.6311232479398727,1.9579342166656997,2.0416440426386813,4.194643533056194,5.0314119536658195,B
4.357419869199999,4.4625666424940595,1.0320526448068241,0.16102789304522436,6.788578156191196,B
4.513489163825481,1.532265821962644,2.406404915118525,0.7163382129587494,7.218167492938732,B
1.1226191530489231,0.8485928588806062,1.6037835313191002,3.6228305111622254,5.438340975307731,B
1.5890263235149815,1.957416802223744,0.42587109056901773,0.4395225762514592,1.9223314700484972,B
4.340765447898924,6.271809976754719,2.2799522045863094,0.43891879457277294,7.678844393681329,B
1.4138855566236048,3.9974503630863465,-2.060672124847106,-1.0301082538618007,8.438004918931878,B
3.5782499359045583,3.396261930007636,0.863160575450743,1.4768841545098488,4.118747225392406,B
2.229375268585329,3.4527202236488774,2.806403788719531,0.586766021185616,5.246775739706817,B
0.9026672819072739,1.337609781348929,-0.06414794172173721,1.3403439691704,5.234187636538311,B
3.509442204053653,2.1924890709701117,1.509747544574568,1.588889170350717,4.973458350755206,B
3.199777494323616,4.619437648032188,1.5895711670785093,-0.40666705417771243,4.53803806922393,B
0.7014551540793386,4.273554468764709,0.581478676080667,1.8702927299509922,4.80815806934279,B
0.6116862961669736,5.098260529056791,1.2745741934124002,1.631329106642895,6.166664914429925,B
1.4383333830734135,3.0272333109431933,0.8986673789966001,0.4959605880098298,5.4488989170634765,B
3.5485593762677685,3.081149009901203,1.3260851964270446,2.36905234941443,2.9211747256870053,B
3.7496660262233514,4.541972654636505,2.002183525855438,0.9048178501175503,5.671609140068606,B
1.508388366563684,1.889906375868588,0.16970137777905236,0.8481951030046944,6.073151973160702,B
2.0164934632788136,3.50200647780946,1.9015067445304275,1.3175330141344603,4.29559887756412,B
5.4576854525113285,5.714727616789741,-1.6180315851425338,2.634195045830819,5.684090705121574,B
1.442064086414271,5.269713772518692,1.377938440430404,2.6604102967546797,7.077413914106716,B
-0.2093968200576377,3.519946293571395,2.6266802496305504,3.3438614794421078,4.697282061598168,B
2.3251952447158337,4.493063801440957,3.0252614059128202,0.9833152872188593,3.678100734757961,B
0.9652623570382384,3.742074265654702,1.1158910430090685,0.07894921553266487,3.558344188373426,B
1.560026295388643,0.8988253338145071,1.0809785810106098,2.1384938203326165,3.8833008034130274,B
4.26057844172245,3.6545109897615906,-0.3053995799397351,0.6381655916900156,3.0913562933421592,B
1.862552605398206,5.432315285661563,1.7468427929554475,0.21661315081497157,3.7090139089681227,B
3.11502096541348,2.900803862002874,0.04042712108282198,2.881999620647862,4.944757406485484,B
0.8653940058041822,1.2514403875278606,0.9743386957064304,1.7882082265176784,5.278679551291135,B
-0.14933792094194942,3.8144351713177063,2.6640507382754555,-0.18011349222982265,5.37287591386203,B
2.2210782494205903,5.294358780492363,3.0025291560698295,0.89506024753746,6.484696714759469,B
-1.244940000409433,3.2763237997076518,1.2081503139742358,-0.13653119086048338,2.1824819263874238,B
0.9459635734450822,3.787169451764203,2.517065013604763,2.172519901098428,4.159366833488888,B
0.7496853710670877,2.202550904528448,1.4484153420809946,0.8785603455838732,7.574663284294344,B
3.6984780249230935,0.867481747750233,2.641926878461387,3.5118979017585,4.984384633777423,B
2.393538477386752,6.646932051458094,0.28272737790492175,0.6035445675423559,3.0457788798639527,B
2.685274556183164,2.4347444392255952,1.904330952098219,1.268331909071866,5.924947206603181,B
3.68993339886067,2.6129919596752598,-1.0059847566148812,1.7668694288513824,3.7715839435367906,B
1.5981696361784885,3.581882532632049,0.9920941716852046,0.6061965218541403,6.057183184147165,B
2.1214306689602447,3.283585126870493,0.5402142058354069,0.5045668061085338,4.931909721275616,B
2.2728720122997084,0.9291593827143454,-0.22655473094792056,1.5465649156655417,2.843952997593761,B
1.3656723525301366,4.870958998306311,-1.0544565928718983,-0.17070415360181412,5.844035982164572,B
3.6402768957283484,4.852184113292383,0.4134330217150948,1.5211166307250474,7.756353441788951,B
0.6873836019476844,1.308231848716425,-0.06318047399562876,0.9538460011491852,5.718042802003941,B
1.9146672572200485,2.1573305950595527,1.7807819633338116,2.315727378915857,4.50358873435098,B
-0.42719347597646884,3.8597473599087087,0.5844265524990113,0.048520179401792096,6.934619127380219,B
3.6630013988813586,3.9155976591518367,1.9715716842876638,1.979889098334898,6.5513824316883795,B
3.909101860962804,1.9815623392815633,-2.441347279909682,0.9265743939496859,6.119422155093111,B
2.8290963024627125,3.0923363739782888,1.7020398789017,1.2241965944785482,5.978395587353706,B
0.5109340143052614,4.966619543631576,3.5958589298522665,1.6978567737092631,6.879555171880057,B
3.270049692499574,3.2108193336182675,1.265111645013751,0.6015165238009615,5.041319930217196,B
1.999464142804391,2.4748840704424095,1.1398688326484172,1.1378813345159005,6.006550657847703,B
0.09165159749220053,2.9028267476168295,1.3717081243769567,-0.43440438872159737,5.3323716930049,B
0.555286337519588,2.4049514033070523,1.3021310593230413,1.73236023152465,1.7462465311911077,B
2.0323295981901897,2.3512353536414663,-0.8968462858910724,2.7959986903524383,3.94481631473605,B
3.5150387123812923,3.7874611162570453,2.8269048923863873,1.6341551533739005,6.454961509605798,B
2.9405889625752613,4.179757745882222,-0.3572762898980124,1.3690112007179842,6.564878675157438,B
2.963966287285383,3.0993089176816544,0.33730628811206287,-0.1422355162949125,4.315835755069017,B
1.7118202660533441,1.0696028937622177,1.3749051467528743,1.0671022605589864,7.126566838947085,B
0.5102456132292763,1.7878293467358737,-1.572846044673101,2.47723739815883,5.476418005867714,B
2.3196876679493883,0.4660184962128353,-1.7289592009747419,2.626497425210645,5.674290941891844,B
2.711546626225149,3.7882018293757165,-0.8807762821788063,0.8050169543547271,7.96178300246735,B
3.5097994903440424,4.781093876310919,0.5700378938813659,1.977478425402519,5.672160948288557,B
2.7901305807993255,2.743343270550973,0.35851084858707094,1.2848382515146735,4.799528484506069,B
4.117306926803181,2.9033901535905065,2.169113287529953,-1.3544437044872328,5.598086170604082,B
-0.0764915672301667,2.732409406116383,0.7177637254315645,0.04738319812765435,6.805566334016273,B
3.626803890065802,1.3643120646111773,1.7946670430504557,1.2910321823968662,2.6834622683510148,B
0.6087893021699975,3.2595179499578393,1.6014920834673485,-0.3527714363560386,5.512721705119595,B
1.096251570609435,3.8045211481513803,0.03645859770902837,1.644465420112346,5.410749796031848,B
1.0201633748668797,4.059193394662111,-0.7456152983868471,1.6094075790484426,3.31407270308428,B
3.5260570139803837,1.7028867508392682,-2.3164999033124123,-1.1985291297245038,4.888220791982299,B
2.2499337122285055,4.610483883935579,1.5686935222467193,0.27005510083415096,5.214949105947358,B
3.476383844682543,-0.10858382038493941,0.030078077001791215,0.05762921608238625,2.8902558493720294,B
0.7858316903804583,3.3785144514552408,1.3134176485068467,4.881818008660948,4.408687601620041,B
1.4928274552014889,3.485953128226901,0.040342554914912454,2.6595913310461543,2.908300417063555,B
4.260672922319187,1.69555586706817,-1.8388712498410102,-0.6691836418916894,3.117291697267219,B
3.1990424796522627,5.721182801201522,0.3461764421443021,-0.36995390659037475,6.029559951248574,B
2.1111918509297856,1.7330340093337189,-0.013240209181726526,-0.6570894616141099,2.5953550324839365,B
3.2950257717328224,1.9212341855084487,1.8256805889186338,0.47944903760598745,3.4637020294355874,B
2.3661865720957835,4.131525551839943,2.9051231865199885,2.3197685300924116,7.6699292476954986,B
3.2778650269010248,3.984680109568927,0.07180699475980956,0.1260611362655295,4.634982662971093,B
3.239662981292603,1.4701354728719354,4.820950309252117,1.0689593462573013,4.80223341000285,B
1.363045996676716,5.712053893491424,1.981795741454589,2.550447106812409,2.1753966037920276,B
2.347801335439277,4.176787246751554,1.4873880285736154,2.010657868471165,4.781773767920145,B
2.465714945951726,4.674746552482893,-2.5468245718989317,0.37845152288872663,4.584773720458378,B
2.440539939287453,2.1536782450810685,0.37796793710785215,-0.43358341645753096,5.0026802778581025,B
1.1323015359426023,2.2226657924419917,-1.1326596085038898,-2.014637837720035,4.88822438119522,B
2.198800810026412,0.3404221230603839,3.3210777460194767,0.4412142456779502,3.6418972798177784,B
3.552081895096817,1.5559597585858214,0.73607071351996,0.47330444394433646,3.777126454942514,B
0.143238500685539,3.727204588804136,1.1570868955443434,0.9565026222518287,4.920554937756421,B
1.4815661850168134,2.935160648537876,1.4571222588776702,3.3593533202002974,5.066891857578813,B
0.32679226517138193,4.137142067411533,0.5196226377198514,2.233544647642956,5.518158679165066,B
4.721189153060582,0.5384888488155726,1.6134440755708015,-0.15245039393229498,5.245064555226534,B
1.7825327644811977,4.309011391021227,3.3874383671065127,0.17426682367300006,5.490234793328721,B
4.419334227963205,3.4824007048049324,2.7450641122520882,3.9910776429710326,5.258785136800874,B
0.35047127459050653,3.156287457339693,3.674817180704967,3.2348282755698397,4.384056239258734,B
0.4687323635558016,1.9111519709543001,1.3773714542954383,3.9429852294461356,4.105734264402486,B
1.3554357866973767,5.990191149301243,-0.8182995565658995,-0.5739845744212431,5.704696982312912,B
-0.5347431486119945,6.024267538558757,1.15033502630536,0.6201133697599379,4.907921042256567,B
4.257675414799986,3.195232212912142,1.3153771926504785,1.2887486890215378,4.133569345808288,B
0.6091707386682337,5.5846553837113,-0.16727780877178233,0.75296644631463,5.81905454599009,B
4.348617790797301,0.9437531056964623,2.4484123342448942,0.14263389588093334,7.800492556078945,B
1.9757785751191848,3.5263625107276098,2.263694128180939,2.263876704879685,3.2691757349284876,B
1.5171360054679897,2.401059271129929,0.8967873389799739,1.365373027114446,7.4008087480076465,B
0.6643448711868418,2.3316043374693676,-3.0895211645999785,0.6704441735547564,6.691819675619513,B
0.11137089738426553,3.6396260182597047,0.4085635132338522,1.4768002914331575,5.975685990651202,B
0.3239493246936853,1.5791051592195358,0.2284301020091032,0.37186428465514876,2.3630551087606313,B
2.0132233190227966,1.3710193529583894,0.0818805964527699,2.1746775900966053,1.463378695970198,B
2.0779330722234874,5.558835671811523,0.9470217672247909,1.7930887366018426,3.5828515626338797,B
1.6484740523997854,2.678412646370565,-0.3027921438231145,1.1035255431065194,2.839404393465642,B
2.419988145380668,1.940580268673597,-0.8381399546994563,-3.1018232006707427,3.4761535089718487,B
3.554791987934454,2.1163185087574305,3.213076949972272,-0.03319591937108135,3.9456285011172456,B
2.2627886225959455,0.2383374451286433,0.7780946336444947,1.4701057559855155,7.350855678600116,B
2.0433109429105083,2.9323202766848397,-1.2249569416707042,2.355524008515017,5.038691199644445,B
4.083564730745264,3.4707821963561827,2.8924697542607327,2.493168976019496,6.484323715899578,B
1.1635504455678793,-0.7435629047058443,1.0518506543538229,2.4026522929300413,2.5463182009698024,B
1.810331452867369,3.373426648998775,0.8882880472968766,2.5114188258668824,4.67107237209276,B
2.9342612436744977,2.789069520734049,-0.969906311275198,-2.0275256866358036,4.976107626965065,B
3.708757597364494,2.5858616387935665,-3.074851057027801,0.9667661596586111,4.498617924772901,B
-0.2845833820693109,4.054155288841646,1.8763751651059208,-0.05760510970639454,4.69286802998324,B
2.4632692615370124,3.9072361267470495,0.5193025236290749,1.69582735082776,5.151545189416409,B
3.6940679966935006,1.86012203514904,2.011481158418395,-0.20711292488209732,4.02495845523526,B
1.3151944096188533,3.308180869663443,2.3980085659564825,-0.7483188163513919,5.3203891054169645,B
0.7954180351074627,1.2573693083428776,3.6109492958286804,2.777874047688386,5.292294621552343,B
3.345731964191594,-0.12574074895088083,2.39518383306616,2.1401583111256492,4.331572043309344,B
2.610816744451716,3.80688705474861,0.491323580004002,1.3347905611625621,4.373742314746946,B
4.52541721404238,5.203330842717788,1.6090299932173804,1.557294493783031,6.647033355888166,B
1.1817521190767448,0.996563595686677,1.7748311434707955,1.1811829067453683,5.728475482500649,B
-1.2159425039872072,1.8617106850808929,0.14488749611360408,-0.3285620516358332,5.1147770124147565,B
1.9620548222104304,1.7569444253030644,0.9533975918705027,1.2477896530444796,4.070302128113611,B
2.291685636838822,2.767174350231009,1.5588695840522093,1.1028497694028165,7.045074188506434,B
0.31123580103397686,2.84975595767495,0.6921007340838585,-0.24485577904925515,5.419318128772029,B
2.978129297070575,3.8499866216983007,0.7183437587164342,-0.3810944515297161,5.23313834310109,B
1.8799414296523147,3.799023496363278,-2.011957394363461,0.16831213605143214,3.64076454420175,B
3.1017229756770384,1.5258133892477224,0.14629822239976786,2.361955100294707,5.421357883296334,B
1.4169415151927014,0.9556429687539092,1.180128725482648,3.376273093315725,7.280336246004338,B
1.1368083967435851,3.960005283084211,0.34225113681376385,0.92529263483236,6.00058543142197,B
2.6455563075231794,3.8219448644187435,1.1603190872621298,2.3496606092155563,3.2534268840355587,B
0.8773088572698411,1.8327460695365854,1.676492335309082,2.2896851445255755,3.145360311849477,B
3.035507214513546,2.4694668811957423,0.668598214272946,1.3599942207198803,7.212890784915077,B
5.201694112089658,3.7346105337216313,0.8343758431662197,0.5597300372740357,3.3475360660412266,B
1.0207128348372803,5.1999004346643165,1.383510551681554,0.7570794903445917,2.4853257925943173,B
2.219224993976988,2.90071698696913,-0.012671883247469706,2.714197135984022,7.190111186215482,B
1.2152079582139836,4.961892377838038,1.7868872898865549,0.22227175332929028,4.315373660233537,B
4.481063425508255,2.236976019356008,0.7878568309659603,0.5761473295576036,5.958209349686351,B
1.520160476033986,5.372872123614428,0.1270335998039096,3.8314820051611926,5.502384989453601,B
2.0910218493475523,2.366631752920561,1.051128299650778,-0.5260550916190454,5.360802528425867,B
3.9527602400160844,2.0136293744147955,0.6037113735678636,-1.1545157433169528,5.429460510313141,B
0.5311129325671684,4.2611851942465035,1.4703998497820279,0.6353601212011899,3.2096967762546855,B
-0.6036069230778609,4.998625440711969,2.7033158063992544,-0.6712710144484262,4.825737794719518,B
2.162838113733063,1.402200857361803,1.94377257995231,2.204419233913347,6.459274469978782,B
3.1084134279106,2.168354266131251,3.7064900399771306,1.9588811411819629,3.0298258451394533,B
0.8671662232265631,4.540385266891194,1.0583424897987133,1.1020802117233857,3.4320238317900715,B
2.3609126586782105,0.726665933639135,1.322558923264189,1.4366036437424454,7.038662140218885,B
1.1454644479359404,1.8296311421101445,-1.0187324254249996,3.1408229003246335,5.888163653017678,B
-1.076313504023914,3.7276301499256586,1.9023521085343493,0.8157513416608339,2.9451830371010033,B
2.7294151804876075,2.2717569718776938,0.1494299449828731,1.0482077666872813,7.6834228505054165,B
1.1418763608933826,4.374673220796077,-0.5929539249839437,-0.3846880923957714,4.375638272428046,B
1.6622414736718922,3.193471258111243,1.3761998396652266,-1.5822779168224392,5.50695956707115,B
2.242148130567057,2.35505693358882,3.9628332853791006,-2.0261053223104586,5.160480711151764,B
-1.4341224243695385,4.994890780708307,-3.9163306851915154,1.5174200169071865,4.167819081097778,B
1.4631326761813543,-0.5620154845500847,-0.5732814914247588,1.8114388871960831,1.575455304200461,B
3.5064357168497633,1.6588841684453528,3.46564544364945,-0.12579562798603772,3.58168660710603,B
1.9832248981096092,0.8648642129511375,1.806845680521104,3.501914233645306,4.887996497140007,B
2.450599685458385,2.0077920965214497,0.3146847077711986,2.7258967902311193,5.970612828497531,B
0.012604260402838685,3.7373790707017744,-1.6917844320459334,-0.36763265814833956,2.2309234702769545,B
1.315666876067287,2.7266065483271045,3.61609204589644,0.847248405878919,1.4056165532827585,B
1.1382222465662797,3.49224879705793,2.0139990969198065,-0.08341648463135343,3.8052765163789557,B
3.4787823860330382,3.36256339424468,0.740315916545619,0.6267350459831826,2.986224390310292,B
3.1395431452472975,4.002194766122786,2.034299047695892,0.1944518807657104,2.631935719631119,B
0.23098964306923975,5.354324468502938,3.376103769449588,0.7900541444451429,4.986586247540793,B
0.4267654026709211,4.10556058517067,-0.7226220800951435,0.019619747805526444,5.607456364584248,B
2.5810665030899282,2.7700918916019437,0.2642592494078574,2.095968166297717,4.766357831213834,B
2.9275797950934836,1.9703212584442398,1.0442753591239395,0.9798226353085194,3.2580104090576896,B
3.2857132963217257,4.140287782428564,-0.3195112659210797,0.7588577754622491,6.6787681271667365,B
3.2261988440002347,4.41092727996158,0.12440208912239803,0.9673444015457136,3.9568728049669453,B
1.845683729536949,6.044343547386408,-0.010576510795503813,1.9042933614727335,6.322547172100591,B
1.2101256508566482,2.240719862821443,2.0305603014100257,1.428017851966831,2.431772276015132,B
5.762974498913891,2.1196327901052077,0.6231553342826004,0.9666715468365626,6.036832956422334,B
0.38310625492419104,3.887118543038357,0.7178840620822668,0.5181503933917855,3.865516375008097,B
3.54254476904387,3.6396588155730583,1.2269961111521959,2.5675544222184747,3.3062449672022627,B
3.6312474253758262,1.8660042542423583,1.7867939784201934,1.240935068932469,5.441932730502539,B
0.045487432896930136,3.0040599887497694,1.2665005356635137,1.4368797930195023,3.776324559365252,B
1.9895014201378833,4.467839813051368,-0.5656246832672376,1.2972370265319633,2.3934623893768556,B
0.7652858745901594,4.469069335678737,2.8360488670654007,0.9972143201314194,4.961832063908444,B
1.847909910955212,3.783198046582255,0.8652869073512539,2.514290076276967,4.1395614769537215,B
3.547485035200583,3.118121879326271,-0.5657291719851159,-0.031630656142649816,3.9269932051531673,B
3.999508730064011,0.9413267429202437,-0.28584162501743715,0.0991480931972325,3.417002616952895,B
1.8645735032933222,3.4959180491222015,0.9044970004364998,-1.2981109294397624,2.7520897664467574,B
5.012660883512672,2.047121217605545,-0.10836212218757013,-0.9235570582179882,3.867925015801968,B
2.190986866831818,3.273615121246423,4.0283385083103855,-1.8316262980166247,6.551063578705838,B
1.3373475519826674,0.22794117677702808,3.018247080651651,2.8830085807677226,7.605093048781727,B
1.4352312133599097,2.6624025031629013,2.3425322191772873,-1.5314649462690277,5.040834286505001,B
0.5593490754494865,3.717921784641611,2.5432991611524853,-0.1863483044641705,4.0385912507772845,B
1.8281876291605508,3.4291373568544543,-0.28711845035950856,-0.8664117210578595,7.335920817288553,B
3.417759766109838,3.601757509299556,-1.0691808345908673,0.44876820175294396,7.1465892206287425,B
2.89797915952174,2.747327384826826,0.3846751441922218,-0.16194525855701136,8.51470141878443,B
0.5840084897445035,3.974594703861899,1.9062211067443013,-0.7023203755885885,4.384715421319809,B
2.263086491417119,1.3655381083683333,1.2694526741441008,1.9210803764126205,5.230290791222069,B
1.1515263768886306,3.2306762018849082,2.4769923980619315,1.0230357706774789,3.0912356023857797,B
