# x,y
0.000000000000000000e+00,1.724804577051998855e+00
2.002002002002002123e-01,8.109072600299811029e+00
4.004004004004004247e-01,1.046954439921195856e+01
6.006006006006006093e-01,1.356121837282135445e+01
8.008008008008008494e-01,1.965234141176184224e+01
1.001001001001001089e+00,2.337742794580767125e+01
1.201201201201201219e+00,2.727423047329802230e+01
1.401401401401401570e+00,3.015596709154279154e+01
1.601601601601601699e+00,3.221266495350370462e+01
1.801801801801801828e+00,3.812769479296180464e+01
2.002002002002002179e+00,3.667865836425799131e+01
2.202202202202202308e+00,4.167171462449595509e+01
2.402402402402402437e+00,4.393358364096016544e+01
2.602602602602602566e+00,5.029505458032781462e+01
2.802802802802803139e+00,5.083967505631517270e+01
3.003003003003003268e+00,5.291328431627433559e+01
3.203203203203203397e+00,5.766507702618484643e+01
3.403403403403403527e+00,5.620280991338621845e+01
3.603603603603603656e+00,5.949399444218936139e+01
3.803803803803804229e+00,6.287804130519089796e+01
4.004004004004004358e+00,6.285590462856337979e+01
4.204204204204204487e+00,6.723359783062839767e+01
4.404404404404404616e+00,6.788119358902224576e+01
4.604604604604604745e+00,7.132265652928121824e+01
4.804804804804804874e+00,7.371044667603392497e+01
5.005005005005005003e+00,7.605461803043519353e+01
5.205205205205205132e+00,7.357748490596516433e+01
5.405405405405406150e+00,7.565113055970141431e+01
5.605605605605606279e+00,7.709809028311991597e+01
5.805805805805806408e+00,7.715299354585063440e+01
6.006006006006006537e+00,7.972701106000917548e+01
6.206206206206206666e+00,7.825192805549463060e+01
6.406406406406406795e+00,8.081922135211826230e+01
6.606606606606606924e+00,7.933842083166777570e+01
6.806806806806807053e+00,8.260105421064930908e+01
7.007007007007007182e+00,7.812222109098506451e+01
7.207207207207207311e+00,7.915609608211390480e+01
7.407407407407407440e+00,7.792834836743796245e+01
7.607607607607608458e+00,8.154020201823172442e+01
7.807807807807808587e+00,8.042982286713370854e+01
8.008008008008008716e+00,7.740878614261001189e+01
8.208208208208208845e+00,7.594696482994939402e+01
8.408408408408408974e+00,7.617322038850197430e+01
8.608608608608609103e+00,7.536672715877641338e+01
8.808808808808809232e+00,7.667009530703376186e+01
9.009009009009009361e+00,7.554416134920997195e+01
9.209209209209209490e+00,7.330626259179008741e+01
9.409409409409409619e+00,7.116566930993018048e+01
9.609609609609609748e+00,7.100667692987688895e+01
9.809809809809809877e+00,6.849256739695769625e+01
1.001001001001001001e+01,6.955572707010979627e+01
1.021021021021021014e+01,6.715507450232321673e+01
1.041041041041041026e+01,6.469982965298311228e+01
1.061061061061061039e+01,6.288391217055508520e+01
1.081081081081081230e+01,6.265345527261211345e+01
1.101101101101101243e+01,5.818905657368851791e+01
1.121121121121121256e+01,5.582710688986355763e+01
1.141141141141141269e+01,5.390814684554008807e+01
1.161161161161161282e+01,4.971142146315155941e+01
1.181181181181181294e+01,4.887325103777189383e+01
1.201201201201201307e+01,4.625711942521423481e+01
1.221221221221221320e+01,4.459156902748842555e+01
1.241241241241241333e+01,4.257815184975027023e+01
1.261261261261261346e+01,3.980462883334662649e+01
1.281281281281281359e+01,3.981625995147167885e+01
1.301301301301301372e+01,3.704522605302987159e+01
1.321321321321321385e+01,3.379531943724960286e+01
1.341341341341341398e+01,2.975811563767607737e+01
1.361361361361361411e+01,2.661048668238685622e+01
1.381381381381381424e+01,2.764127427567427731e+01
1.401401401401401436e+01,2.562140352806652643e+01
1.421421421421421449e+01,1.920320441648764387e+01
1.441441441441441462e+01,1.638991187919694426e+01
1.461461461461461475e+01,1.707555419565752430e+01
1.481481481481481488e+01,1.107968393277901598e+01
1.501501501501501679e+01,1.274530210588138246e+01
1.521521521521521692e+01,9.324497225590512528e+00
1.541541541541541704e+01,3.620094497551461288e+00
1.561561561561561717e+01,3.276120479163847854e+00
1.581581581581581730e+01,6.421485188009834477e-01
1.601601601601601743e+01,-2.837475313662259246e+00
1.621621621621621756e+01,-1.198757909989164538e+00
1.641641641641641769e+01,-4.480247047678940220e+00
1.661661661661661782e+01,-8.634196208666377714e+00
1.681681681681681795e+01,-1.020915447663102427e+01
1.701701701701701808e+01,-1.276953594656009194e+01
1.721721721721721821e+01,-1.236574039995433338e+01
1.741741741741741833e+01,-1.623764717632787935e+01
1.761761761761761846e+01,-1.973331722572110891e+01
1.781781781781781859e+01,-2.167903759298474853e+01
1.801801801801801872e+01,-2.207458840868899230e+01
1.821821821821821885e+01,-2.217866708291568756e+01
1.841841841841841898e+01,-2.306622825234880381e+01
1.861861861861861911e+01,-2.461613059847512375e+01
1.881881881881881924e+01,-3.072920931170215653e+01
1.901901901901901937e+01,-3.062943992139259208e+01
1.921921921921921950e+01,-2.907401938949962528e+01
1.941941941941941963e+01,-3.182076697867915271e+01
1.961961961961961975e+01,-3.636483586339099361e+01
1.981981981981981988e+01,-3.324742917127633035e+01
2.002002002002002001e+01,-3.745055173941979376e+01
2.022022022022022014e+01,-3.945199800148957792e+01
2.042042042042042027e+01,-4.065940067062294361e+01
2.062062062062062040e+01,-4.123288405785935140e+01
2.082082082082082053e+01,-3.816133720979969723e+01
2.102102102102102066e+01,-4.223416634046814977e+01
2.122122122122122079e+01,-4.163106640125000979e+01
2.142142142142142447e+01,-3.983664297631548834e+01
2.162162162162162460e+01,-4.451260426976893569e+01
2.182182182182182473e+01,-4.252226536620590025e+01
2.202202202202202486e+01,-4.105792614726432532e+01
2.222222222222222499e+01,-4.566931484687694365e+01
2.242242242242242511e+01,-4.429383555229704683e+01
2.262262262262262524e+01,-4.208901430553946454e+01
2.282282282282282537e+01,-4.549986710289218905e+01
2.302302302302302550e+01,-4.420146551808499424e+01
2.322322322322322563e+01,-4.340297542987798352e+01
2.342342342342342576e+01,-4.325019712585883269e+01
2.362362362362362589e+01,-4.130237808917783582e+01
2.382382382382382602e+01,-4.033129342234646231e+01
2.402402402402402615e+01,-4.466324965712056638e+01
2.422422422422422628e+01,-4.082874224882539949e+01
2.442442442442442641e+01,-4.280321795777699379e+01
2.462462462462462653e+01,-4.161331203732815709e+01
2.482482482482482666e+01,-3.917710993358045357e+01
2.502502502502502679e+01,-3.908038015155506173e+01
2.522522522522522692e+01,-3.669082545673695250e+01
2.542542542542542705e+01,-3.679319824025736807e+01
2.562562562562562718e+01,-3.594890977647875019e+01
2.582582582582582731e+01,-3.708468371060900637e+01
2.602602602602602744e+01,-3.242654891930402528e+01
2.622622622622622757e+01,-3.585665744980740754e+01
2.642642642642642770e+01,-3.344995442937775465e+01
2.662662662662662783e+01,-2.889391639237399900e+01
2.682682682682682795e+01,-3.140962489113497824e+01
2.702702702702702808e+01,-2.672459636146821538e+01
2.722722722722722821e+01,-2.638745374101350549e+01
2.742742742742742834e+01,-2.701855138779978205e+01
2.762762762762762847e+01,-2.576245044999749467e+01
2.782782782782782860e+01,-2.238896210520335472e+01
2.802802802802802873e+01,-2.260021162720379095e+01
2.822822822822822886e+01,-2.225477797855626960e+01
2.842842842842842899e+01,-2.040130754231322996e+01
2.862862862862862912e+01,-1.925541333929287191e+01
2.882882882882882924e+01,-1.675974142909103293e+01
2.902902902902902937e+01,-1.360310635641221211e+01
2.922922922922922950e+01,-1.349241332469984656e+01
2.942942942942942963e+01,-1.360783221501693419e+01
2.962962962962962976e+01,-1.296726264455661948e+01
2.982982982982982989e+01,-9.788040068905582203e+00
3.003003003003003357e+01,-6.345932885058212847e+00
3.023023023023023370e+01,-4.698034229547118912e+00
3.043043043043043383e+01,-3.075657770098318977e+00
3.063063063063063396e+01,-4.747493706296823213e+00
3.083083083083083409e+01,-3.903211592999128676e+00
3.103103103103103422e+01,6.583921362823459411e-01
3.123123123123123435e+01,-1.031691303299888007e+00
3.143143143143143448e+01,4.900727423736939592e+00
3.163163163163163460e+01,2.150030337503182842e+00
3.183183183183183473e+01,7.151264385778508981e+00
3.203203203203203486e+01,4.432025355476113759e+00
3.223223223223223499e+01,7.578062692190945526e+00
3.243243243243243512e+01,9.526648837235910605e+00
3.263263263263263525e+01,1.046753766291141297e+01
3.283283283283283538e+01,1.164790155870054456e+01
3.303303303303303551e+01,1.315910920012053609e+01
3.323323323323323564e+01,1.617810778905248625e+01
3.343343343343343577e+01,1.291976891766270441e+01
3.363363363363363590e+01,1.485961033060307024e+01
3.383383383383383602e+01,1.973647012260883571e+01
3.403403403403403615e+01,2.026797915300139863e+01
3.423423423423423628e+01,2.013780666986808399e+01
3.443443443443443641e+01,2.120880521518529349e+01
3.463463463463463654e+01,2.025354787251051292e+01
3.483483483483483667e+01,2.173131142178518616e+01
3.503503503503503680e+01,2.482445148066938501e+01
3.523523523523523693e+01,2.603454944708677843e+01
3.543543543543543706e+01,2.619928439536889897e+01
3.563563563563563719e+01,2.764209002650020253e+01
3.583583583583583732e+01,2.605056695669481925e+01
3.603603603603603744e+01,2.853560197241727536e+01
3.623623623623623757e+01,2.500356296623415275e+01
3.643643643643643770e+01,2.615112672564147189e+01
3.663663663663663783e+01,2.714467402107132443e+01
3.683683683683683796e+01,2.976412608601214060e+01
3.703703703703703809e+01,2.950167477723515574e+01
3.723723723723723822e+01,2.774185851353601606e+01
3.743743743743743835e+01,3.123996147428346504e+01
3.763763763763763848e+01,3.144892889580462381e+01
3.783783783783783861e+01,2.735786098726315529e+01
3.803803803803803874e+01,3.093406279078877219e+01
3.823823823823823886e+01,3.071865589435484267e+01
3.843843843843843899e+01,3.198879801154602376e+01
3.863863863863863912e+01,2.826731245161978023e+01
3.883883883883883925e+01,3.056675658436611087e+01
3.903903903903903938e+01,3.059410227045976782e+01
3.923923923923923951e+01,3.103676605368448094e+01
3.943943943943943964e+01,3.178726273349264630e+01
3.963963963963963977e+01,2.951147940943455339e+01
3.983983983983983990e+01,3.041778419813590872e+01
4.004004004004004003e+01,2.959132241981157563e+01
4.024024024024024015e+01,2.723896773680564820e+01
4.044044044044044028e+01,2.670068716956026833e+01
4.064064064064064041e+01,2.791943426634597714e+01
4.084084084084084054e+01,2.634005494313059259e+01
4.104104104104104067e+01,2.430122425150301524e+01
4.124124124124124080e+01,2.748805211908080182e+01
4.144144144144144093e+01,2.765131419465402729e+01
4.164164164164164106e+01,2.383817895925735542e+01
4.184184184184184119e+01,2.589608099702181221e+01
4.204204204204204132e+01,2.410425352798227649e+01
4.224224224224224145e+01,2.049350981246063697e+01
4.244244244244244157e+01,2.320819625482240767e+01
4.264264264264264170e+01,2.231477253940529337e+01
4.284284284284284894e+01,1.903904025924534338e+01
4.304304304304304907e+01,2.009130540545495336e+01
4.324324324324324920e+01,1.739208245640625705e+01
4.344344344344344933e+01,1.786124364262829189e+01
4.364364364364364945e+01,1.755919536486563359e+01
4.384384384384384958e+01,1.441745663239036723e+01
4.404404404404404971e+01,1.662160123625826458e+01
4.424424424424424984e+01,1.666931771198001400e+01
4.444444444444444997e+01,1.261278540607550802e+01
4.464464464464465010e+01,1.220198470727804185e+01
4.484484484484485023e+01,1.150961350995222432e+01
4.504504504504505036e+01,1.276621367760029457e+01
4.524524524524525049e+01,1.105427988531971550e+01
4.544544544544545062e+01,8.784879731238998346e+00
4.564564564564565075e+01,8.227510614719477644e+00
4.584584584584585087e+01,6.054978407394586704e+00
4.604604604604605100e+01,9.244287974429433064e+00
4.624624624624625113e+01,5.219567875249831346e+00
4.644644644644645126e+01,7.483555463135083130e+00
4.664664664664665139e+01,6.729168557424404895e+00
4.684684684684685152e+01,5.068701014341780109e+00
4.704704704704705165e+01,3.055527703204620860e+00
4.724724724724725178e+01,4.307428778112742940e+00
4.744744744744745191e+01,-1.105674357181151812e+00
4.764764764764765204e+01,2.387877853740330902e+00
4.784784784784785217e+01,1.987297912977806114e+00
4.804804804804805229e+01,-3.577935196912646276e+00
4.824824824824825242e+01,-2.436299029133634164e+00
4.844844844844845255e+01,-4.461714053084814502e+00
4.864864864864865268e+01,-2.083754108839020347e+00
4.884884884884885281e+01,-3.529210180703834965e+00
4.904904904904905294e+01,-2.697209987801890030e+00
4.924924924924925307e+01,-3.515341500707594768e+00
4.944944944944945320e+01,-8.095582771902147812e+00
4.964964964964965333e+01,-6.078172379423635974e+00
4.984984984984985346e+01,-5.612080816889550405e+00
5.005005005005005358e+01,-6.478850347171876578e+00
5.025025025025025371e+01,-9.855816985402436003e+00
5.045045045045045384e+01,-9.978258189992210703e+00
5.065065065065065397e+01,-1.092759136732659542e+01
5.085085085085085410e+01,-8.500142446678426111e+00
5.105105105105105423e+01,-1.186480861962083821e+01
5.125125125125125436e+01,-8.500947684898781276e+00
5.145145145145145449e+01,-1.174687857118762757e+01
5.165165165165165462e+01,-1.121841968935316558e+01
5.185185185185185475e+01,-1.130013020398559753e+01
5.205205205205205488e+01,-1.150059635502351085e+01
5.225225225225225500e+01,-1.384720914473865072e+01
5.245245245245245513e+01,-1.444078900979488722e+01
5.265265265265265526e+01,-1.345753449983610395e+01
5.285285285285285539e+01,-1.240644291952055056e+01
5.305305305305305552e+01,-1.279333983697478416e+01
5.325325325325325565e+01,-1.379902720604964195e+01
5.345345345345345578e+01,-1.482484056359179192e+01
5.365365365365365591e+01,-1.491121256153908448e+01
5.385385385385385604e+01,-1.467210192281004666e+01
5.405405405405405617e+01,-1.353067364385558236e+01
5.425425425425425630e+01,-1.521595230194915871e+01
5.445445445445445642e+01,-1.351716182108473419e+01
5.465465465465465655e+01,-1.336762537193034817e+01
5.485485485485485668e+01,-1.254337622911764072e+01
5.505505505505505681e+01,-1.525536843553203248e+01
5.525525525525525694e+01,-1.219535028324639114e+01
5.545545545545545707e+01,-1.542073052196810679e+01
5.565565565565565720e+01,-1.448439628428992876e+01
5.585585585585585733e+01,-1.192370192214140801e+01
5.605605605605605746e+01,-1.421942402490879864e+01
5.625625625625625759e+01,-1.264284763470214479e+01
5.645645645645645772e+01,-1.297881445116238019e+01
5.665665665665665784e+01,-1.267048416942901312e+01
5.685685685685685797e+01,-1.130371418149468354e+01
5.705705705705705810e+01,-1.148258880695294337e+01
5.725725725725725823e+01,-1.065313896183670295e+01
5.745745745745745836e+01,-1.079211671496923763e+01
5.765765765765765849e+01,-9.281295897593501820e+00
5.785785785785785862e+01,-7.697314103341127201e+00
5.805805805805805875e+01,-8.312077764892947584e+00
5.825825825825825888e+01,-7.833250387825408723e+00
5.845845845845845901e+01,-8.425916437212887189e+00
5.865865865865865914e+01,-8.029966553968609588e+00
5.885885885885885926e+01,-9.160017916621626455e+00
5.905905905905905939e+01,-6.481124058126040310e+00
5.925925925925925952e+01,-6.518859146499965007e+00
5.945945945945945965e+01,-5.772286835309673236e+00
5.965965965965965978e+01,-3.759065257351018374e+00
5.985985985985986702e+01,-4.172289321274739393e+00
6.006006006006006714e+01,-4.960195737353792822e+00
6.026026026026026727e+01,-4.560944428544296159e+00
6.046046046046046740e+01,-4.165553186878311998e+00
6.066066066066066753e+01,-2.784178281711700897e+00
6.086086086086086766e+01,-2.442219714396927976e+00
6.106106106106106779e+01,-2.901054685906743646e+00
6.126126126126126792e+01,-5.142885070756491039e-01
6.146146146146146805e+01,-5.012130905338363362e-01
6.166166166166166818e+01,-2.760836903768416839e+00
6.186186186186186831e+01,1.649660416711355104e+00
6.206206206206206843e+01,1.917930823851410116e+00
6.226226226226226856e+01,2.510497078854043718e+00
6.246246246246246869e+01,-7.196719892905583116e-01
6.266266266266266882e+01,3.436677538801272469e+00
6.286286286286286895e+01,2.485326306987982736e+00
6.306306306306306908e+01,1.871707554556979680e+00
6.326326326326326921e+01,2.942969563942495093e+00
6.346346346346346934e+01,5.384520618120409274e+00
6.366366366366366947e+01,2.940662531192708151e+00
6.386386386386386960e+01,4.007078188097084492e+00
6.406406406406406973e+01,3.967883997559632725e+00
6.426426426426426985e+01,5.288937629090239234e+00
6.446446446446446998e+01,5.956936583172758759e+00
6.466466466466467011e+01,5.188754028333637081e+00
6.486486486486487024e+01,7.980909232499266537e+00
6.506506506506507037e+01,9.377718275898853761e+00
6.526526526526527050e+01,9.596892776132490255e+00
6.546546546546547063e+01,6.283779122531517380e+00
6.566566566566567076e+01,9.448414739558272046e+00
6.586586586586587089e+01,9.285323834289858524e+00
6.606606606606607102e+01,6.780396105105744198e+00
6.626626626626627115e+01,8.305376413655707779e+00
6.646646646646647127e+01,9.889763330208987568e+00
6.666666666666667140e+01,1.153521837413839179e+01
6.686686686686687153e+01,1.048238019073929195e+01
6.706706706706707166e+01,1.210169089268377363e+01
6.726726726726727179e+01,1.000812968578238582e+01
6.746746746746747192e+01,9.994866618843513351e+00
6.766766766766767205e+01,1.140740791347787919e+01
6.786786786786787218e+01,1.192030825865907673e+01
6.806806806806807231e+01,9.031734574575752461e+00
6.826826826826827244e+01,9.424040322632196265e+00
6.846846846846847257e+01,1.348475917204359043e+01
6.866866866866867269e+01,9.708945114449178959e+00
6.886886886886887282e+01,1.433993200167785709e+01
6.906906906906907295e+01,1.104740765222069676e+01
6.926926926926927308e+01,1.097287763404306915e+01
6.946946946946947321e+01,1.306808432524226760e+01
6.966966966966967334e+01,1.011462988676964159e+01
6.986986986986987347e+01,1.268596808414770827e+01
7.007007007007007360e+01,1.414232671007579967e+01
7.027027027027027373e+01,1.052940756663289079e+01
7.047047047047047386e+01,9.959681635772687613e+00
7.067067067067067399e+01,1.423930964522844889e+01
7.087087087087087411e+01,1.052573180460522373e+01
7.107107107107107424e+01,1.337487734603647738e+01
7.127127127127127437e+01,1.120184869026142493e+01
7.147147147147147450e+01,1.359028269760313279e+01
7.167167167167167463e+01,9.734647778997533862e+00
7.187187187187187476e+01,1.356299157574765601e+01
7.207207207207207489e+01,1.283159380484344325e+01
7.227227227227227502e+01,9.603998752029319519e+00
7.247247247247247515e+01,1.166749172835550752e+01
7.267267267267267528e+01,8.296296545923594223e+00
7.287287287287287540e+01,1.189946077722139961e+01
7.307307307307307553e+01,9.137714266410467800e+00
7.327327327327327566e+01,8.786781917726692370e+00
7.347347347347347579e+01,9.633287733441054712e+00
7.367367367367367592e+01,1.152999201869645063e+01
7.387387387387387605e+01,6.849056935414449043e+00
7.407407407407407618e+01,8.248561944578598926e+00
7.427427427427427631e+01,8.579450012199743014e+00
7.447447447447447644e+01,8.700815025689756510e+00
7.467467467467467657e+01,8.043626255130547520e+00
7.487487487487487670e+01,1.015377403678716917e+01
7.507507507507507682e+01,9.540507706022719248e+00
7.527527527527527695e+01,9.494775064748278481e+00
7.547547547547547708e+01,5.991123312608666041e+00
7.567567567567567721e+01,6.228702358512517634e+00
7.587587587587587734e+01,8.466143006033377105e+00
7.607607607607607747e+01,7.187339154839444078e+00
7.627627627627627760e+01,4.656170928548538868e+00
7.647647647647647773e+01,6.351459060622028474e+00
7.667667667667667786e+01,4.162166369906640462e+00
7.687687687687687799e+01,4.267246322822612292e+00
7.707707707707707812e+01,6.946689557789819780e+00
7.727727727727727824e+01,3.955771041241336050e+00
7.747747747747747837e+01,4.349947954139836703e+00
7.767767767767767850e+01,2.104644622941695076e+00
7.787787787787787863e+01,5.318103345553153893e+00
7.807807807807807876e+01,3.843112455149459983e+00
7.827827827827827889e+01,3.150503745463134386e+00
7.847847847847847902e+01,3.678263475376269298e+00
7.867867867867867915e+01,2.626695003142406559e+00
7.887887887887887928e+01,2.890429659837942644e+00
7.907907907907907941e+01,-5.091834738024003659e-01
7.927927927927927954e+01,1.428066425590239552e+00
7.947947947947947966e+01,8.435232598501369861e-01
7.967967967967967979e+01,3.354290036431002431e+00
7.987987987987987992e+01,2.865175990339256185e+00
8.008008008008008005e+01,3.329493756572521335e-01
8.028028028028028018e+01,-1.403463126203766898e+00
8.048048048048048031e+01,-1.105626493268057065e+00
8.068068068068068044e+01,1.369696175192690379e+00
8.088088088088088057e+01,-9.737586190835787470e-01
8.108108108108108070e+01,-7.500502922604206368e-01
8.128128128128128083e+01,1.466402105025220948e+00
8.148148148148148096e+01,-1.085483356810090338e+00
8.168168168168168108e+01,-2.098361338966496348e+00
8.188188188188188121e+01,-3.711160938696030698e+00
8.208208208208208134e+01,-3.365847044172364910e+00
8.228228228228228147e+01,3.387526396196625100e-01
8.248248248248248160e+01,-4.446389749154233684e-01
8.268268268268268173e+01,-4.156311614649803587e+00
8.288288288288288186e+01,-2.579153098429376456e-02
8.308308308308308199e+01,-8.067914092308257068e-01
8.328328328328328212e+01,-4.085210269471897249e+00
8.348348348348348225e+01,-4.196875471011390246e+00
8.368368368368368237e+01,-2.697724963728171943e-01
8.388388388388388250e+01,-7.084996257026245914e-01
8.408408408408408263e+01,-1.891757284133648742e+00
8.428428428428428276e+01,-5.282101258098127694e+00
8.448448448448448289e+01,-5.156015564335169721e+00
8.468468468468468302e+01,-3.630604650393375543e+00
8.488488488488488315e+01,-5.248810162931832224e+00
8.508508508508508328e+01,-3.431309554924369287e+00
8.528528528528528341e+01,-5.255186252574192807e+00
8.548548548548549775e+01,-5.000327764960537991e+00
8.568568568568569788e+01,-3.978004555860877645e+00
8.588588588588589801e+01,-5.471850098585569810e+00
8.608608608608609813e+01,-4.915969499284542188e+00
8.628628628628629826e+01,-2.870752012434874878e+00
8.648648648648649839e+01,-5.480065852877288535e+00
8.668668668668669852e+01,-4.073156391065726467e+00
8.688688688688689865e+01,-5.252862729961503163e+00
8.708708708708709878e+01,-2.791014489680026855e+00
8.728728728728729891e+01,-5.266431317182014737e+00
8.748748748748749904e+01,-2.681640141109614461e+00
8.768768768768769917e+01,-1.944220998441444248e+00
8.788788788788789930e+01,-4.150940284387154122e+00
8.808808808808809943e+01,-2.314540300818017649e+00
8.828828828828829955e+01,-4.097869753347815447e+00
8.848848848848849968e+01,-1.904156487813972287e+00
8.868868868868869981e+01,-2.084532516825528425e+00
8.888888888888889994e+01,-1.534970629728908076e+00
8.908908908908910007e+01,-1.017349241591001707e+00
8.928928928928930020e+01,-2.981239867053441905e+00
8.948948948948950033e+01,-3.467504712464620553e+00
8.968968968968970046e+01,-2.926507511977162856e+00
8.988988988988990059e+01,-2.099978456187543863e+00
9.009009009009010072e+01,-1.668698360841269768e+00
9.029029029029030085e+01,-7.113057045481023799e-01
9.049049049049050097e+01,-1.618010773986127138e+00
9.069069069069070110e+01,-2.478628292718630277e+00
9.089089089089090123e+01,-7.935419165165740196e-01
9.109109109109110136e+01,-6.255456452178709270e-02
9.129129129129130149e+01,1.382315912868595120e+00
9.149149149149150162e+01,-1.312104016740460954e+00
9.169169169169170175e+01,5.448800760288747824e-01
9.189189189189190188e+01,-1.593473321305294732e+00
9.209209209209210201e+01,-1.645477076754584100e+00
9.229229229229230214e+01,2.328625252274302504e+00
9.249249249249250227e+01,2.043731327891393335e+00
9.269269269269270239e+01,-9.892785289221228684e-01
9.289289289289290252e+01,3.721279149742350967e+00
9.309309309309310265e+01,3.313123083644267552e+00
9.329329329329330278e+01,3.247319252230020048e+00
9.349349349349350291e+01,5.715639112533492661e-01
9.369369369369370304e+01,1.708347622260786514e+00
9.389389389389390317e+01,3.390168152594476236e+00
9.409409409409410330e+01,4.290619822672962158e+00
9.429429429429430343e+01,3.763418804793428496e+00
9.449449449449450356e+01,3.552147250225014652e+00
9.469469469469470368e+01,4.622115556123581603e-01
9.489489489489490381e+01,1.001288171236306423e+00
9.509509509509510394e+01,2.524855380011995276e+00
9.529529529529530407e+01,2.867093124452599895e+00
9.549549549549550420e+01,3.351394519990218424e+00
9.569569569569570433e+01,1.596692831450914118e+00
9.589589589589590446e+01,6.165155560276669888e+00
9.609609609609610459e+01,5.419052951727247880e+00
9.629629629629630472e+01,3.869430545120636111e+00
9.649649649649650485e+01,4.809793059895051570e+00
9.669669669669670498e+01,4.935387545005198717e+00
9.689689689689690510e+01,5.068587542701019188e+00
9.709709709709710523e+01,4.284776453852330746e+00
9.729729729729730536e+01,7.031586691177954762e+00
9.749749749749750549e+01,4.764921616955094308e+00
9.769769769769770562e+01,4.853813285557658119e+00
9.789789789789790575e+01,5.922514187147155162e+00
9.809809809809810588e+01,3.114199659831000666e+00
9.829829829829830601e+01,4.452324464122655812e+00
9.849849849849850614e+01,3.824547027980763403e+00
9.869869869869870627e+01,5.038517376459883401e+00
9.889889889889890640e+01,5.564073555084514844e+00
9.909909909909910652e+01,4.389468757408859112e+00
9.929929929929930665e+01,7.763926395015390725e+00
9.949949949949950678e+01,4.762794973107995489e+00
9.969969969969970691e+01,5.070017495047090428e+00
9.989989989989990704e+01,4.657482585007553411e+00
1.001001001001001072e+02,4.767555319431051153e+00
1.003003003003003073e+02,3.882786243876698684e+00
1.005005005005005074e+02,6.863490137418455816e+00
1.007007007007007076e+02,4.855919757935549086e+00
1.009009009009009077e+02,3.597330347694577490e+00
1.011011011011011078e+02,5.031104982961963401e+00
1.013013013013013079e+02,5.222010087985330173e+00
1.015015015015015081e+02,6.128685554086334974e+00
1.017017017017017082e+02,3.942131492759124001e+00
1.019019019019019083e+02,5.354345477687715515e+00
1.021021021021021085e+02,4.791333426705911336e+00
1.023023023023023086e+02,8.042173856754077477e+00
1.025025025025025087e+02,5.964435322909168669e+00
1.027027027027027088e+02,4.085538749548315529e+00
1.029029029029029090e+02,3.501840231796278680e+00
1.031031031031031091e+02,6.399753612474711417e+00
1.033033033033033092e+02,5.988688824479020845e+00
1.035035035035035094e+02,4.897901471028923481e+00
1.037037037037037095e+02,4.712652093774691409e+00
1.039039039039039096e+02,4.205746399910061939e+00
1.041041041041041098e+02,4.464396796408088619e+00
1.043043043043043099e+02,4.521165202187031440e+00
1.045045045045045100e+02,3.671498481259040325e+00
1.047047047047047101e+02,4.390491671113752936e+00
1.049049049049049103e+02,3.738304349878088573e+00
1.051051051051051104e+02,5.158486920513335683e+00
1.053053053053053105e+02,2.864505795409804545e+00
1.055055055055055107e+02,3.145966442009104025e+00
1.057057057057057108e+02,2.714290123781856856e+00
1.059059059059059109e+02,2.953202664172207115e+00
1.061061061061061110e+02,3.983591863286300772e+00
1.063063063063063112e+02,6.823060867841655330e+00
1.065065065065065113e+02,4.391599634039325295e+00
1.067067067067067114e+02,3.784457769714929753e+00
1.069069069069069116e+02,6.212505682226050041e+00
1.071071071071071117e+02,5.051303457987245338e+00
1.073073073073073118e+02,2.438934771012491787e+00
1.075075075075075119e+02,2.148124011857083016e+00
1.077077077077077121e+02,5.392845148517882770e+00
1.079079079079079122e+02,2.746220924991919610e+00
1.081081081081081123e+02,4.862099422521831471e+00
1.083083083083083125e+02,5.217753920555291636e+00
1.085085085085085126e+02,1.397581208829452581e+00
1.087087087087087127e+02,2.122973131898809207e+00
1.089089089089089128e+02,1.935120584625775741e+00
1.091091091091091130e+02,2.990931281888251636e+00
1.093093093093093131e+02,3.184090539409866416e+00
1.095095095095095132e+02,4.147373854975165974e-01
1.097097097097097134e+02,3.186179770787969989e+00
1.099099099099099135e+02,2.853617441964470647e+00
1.101101101101101136e+02,2.096593026135088245e+00
1.103103103103103138e+02,6.977814012683156708e-01
1.105105105105105139e+02,4.919645724060622838e-02
1.107107107107107140e+02,2.331838781495356727e+00
1.109109109109109141e+02,7.910529502179034500e-01
1.111111111111111143e+02,1.528149620345638171e+00
1.113113113113113144e+02,1.732053492394240113e+00
1.115115115115115145e+02,3.452290410284892808e-01
1.117117117117117147e+02,5.785323814663285713e-01
1.119119119119119148e+02,2.750301334907941708e+00
1.121121121121121149e+02,-7.113948180900686591e-02
1.123123123123123150e+02,1.218254085383572605e+00
1.125125125125125152e+02,3.609080185943278618e-01
1.127127127127127153e+02,4.363680792554660570e-01
1.129129129129129154e+02,2.077404385422181754e+00
1.131131131131131156e+02,-1.131899654574865632e+00
1.133133133133133157e+02,2.735607293012051855e+00
1.135135135135135158e+02,2.786029531753624333e+00
1.137137137137137159e+02,1.760518708015587297e+00
1.139139139139139161e+02,1.358663581612518101e-01
1.141141141141141162e+02,-4.308737602271808242e-01
1.143143143143143163e+02,1.265664464645182452e+00
1.145145145145145165e+02,2.152036712461899981e+00
1.147147147147147166e+02,1.484807273157490837e+00
1.149149149149149167e+02,1.796517414012740899e+00
1.151151151151151169e+02,7.271576506719543698e-01
1.153153153153153170e+02,8.632034501296659279e-02
1.155155155155155171e+02,9.511347798079350380e-01
1.157157157157157172e+02,1.595204337145560425e+00
1.159159159159159174e+02,1.963774129649055844e+00
1.161161161161161175e+02,1.679836243591307676e+00
1.163163163163163176e+02,-3.025529780780071842e-01
1.165165165165165178e+02,-1.174464860203205507e+00
1.167167167167167179e+02,5.832544643462833633e-03
1.169169169169169180e+02,-6.477100453871440511e-01
1.171171171171171181e+02,-1.927928277483192954e-01
1.173173173173173183e+02,1.198962313876756891e+00
1.175175175175175184e+02,-1.051959326454694477e+00
1.177177177177177185e+02,1.440320336372959753e+00
1.179179179179179187e+02,1.409633527191847202e+00
1.181181181181181188e+02,4.781870129272898229e-01
1.183183183183183189e+02,2.344872202078241763e+00
1.185185185185185190e+02,9.501507062024763250e-01
1.187187187187187192e+02,-3.921378912476256584e-01
1.189189189189189193e+02,8.425297672104301583e-01
1.191191191191191194e+02,2.278911320859311473e+00
1.193193193193193196e+02,2.058639284568375416e+00
1.195195195195195197e+02,2.489160796862623926e-01
1.197197197197197340e+02,3.205139758939856254e+00
1.199199199199199342e+02,-1.636875005899353086e+00
1.201201201201201343e+02,2.875729055067236750e+00
1.203203203203203344e+02,-4.533602034358679145e-01
1.205205205205205345e+02,1.448323025771354633e+00
1.207207207207207347e+02,1.176681667660462116e+00
1.209209209209209348e+02,-5.431526562173500938e-01
1.211211211211211349e+02,2.209504513254262115e+00
1.213213213213213351e+02,4.165656928661258807e-01
1.215215215215215352e+02,5.126200798079072474e-01
1.217217217217217353e+02,8.982095528776516957e-01
1.219219219219219354e+02,3.708498188478730473e+00
1.221221221221221356e+02,3.809373902215920094e-01
1.223223223223223357e+02,3.664941095612930244e+00
1.225225225225225358e+02,3.842109183665978200e+00
1.227227227227227360e+02,3.540596789539939948e+00
1.229229229229229361e+02,2.751057786679826922e-01
1.231231231231231362e+02,2.256782638166377364e+00
1.233233233233233364e+02,2.260834061602094547e+00
1.235235235235235365e+02,3.431883651393011547e+00
1.237237237237237366e+02,2.964661792340476332e+00
1.239239239239239367e+02,1.112149673119032567e+00
1.241241241241241369e+02,1.051925965330938073e+00
1.243243243243243370e+02,3.483779191886428594e-01
1.245245245245245371e+02,1.711766311330942258e+00
1.247247247247247373e+02,3.389462994107839577e+00
1.249249249249249374e+02,1.658880332129942126e+00
1.251251251251251375e+02,4.274242782558163256e+00
1.253253253253253376e+02,4.016367175524461763e-01
1.255255255255255378e+02,1.736397001321760281e-01
1.257257257257257379e+02,4.527188850293501154e+00
1.259259259259259380e+02,7.855187393820594055e-01
1.261261261261261382e+02,5.108194687626099295e+00
1.263263263263263383e+02,4.268951811982899969e+00
1.265265265265265384e+02,3.114970721849180446e+00
1.267267267267267385e+02,2.918553423766414134e+00
1.269269269269269387e+02,4.666682148555559628e+00
1.271271271271271388e+02,2.049586866306159383e+00
1.273273273273273389e+02,3.466909526701250854e+00
1.275275275275275391e+02,8.532711820132028446e-01
1.277277277277277392e+02,6.484744755794574766e-01
1.279279279279279393e+02,3.634923540696735511e+00
1.281281281281281395e+02,2.295045356855393237e+00
1.283283283283283254e+02,1.722466996073749979e+00
1.285285285285285397e+02,3.074970734545841911e+00
1.287287287287287256e+02,2.238109444330865117e+00
1.289289289289289400e+02,1.370784348172706224e+00
1.291291291291291259e+02,1.192926416352719343e+00
1.293293293293293402e+02,5.768231122343087769e+00
1.295295295295295261e+02,5.240805449098317581e+00
1.297297297297297405e+02,4.727675314131954742e+00
1.299299299299299264e+02,4.370392055087100935e+00
1.301301301301301407e+02,2.206132582667975406e+00
1.303303303303303267e+02,5.355517113450009248e+00
1.305305305305305410e+02,1.525927191530509486e+00
1.307307307307307269e+02,5.148191368864940110e+00
1.309309309309309413e+02,3.928769298276101107e+00
1.311311311311311272e+02,2.627736963583219953e+00
1.313313313313313415e+02,3.337844583756582661e+00
1.315315315315315274e+02,1.254235718842150238e+00
1.317317317317317418e+02,3.104504795029577657e+00
1.319319319319319277e+02,5.765955560484226972e+00
1.321321321321321420e+02,5.914408418395094458e+00
1.323323323323323280e+02,2.068647435369840526e+00
1.325325325325325423e+02,3.908394997080798738e+00
1.327327327327327282e+02,1.833075996595324941e+00
1.329329329329329425e+02,2.372202768089391345e+00
1.331331331331331285e+02,3.770078626653221576e+00
1.333333333333333428e+02,5.698454811646394447e+00
1.335335335335335287e+02,2.569389147460833023e+00
1.337337337337337431e+02,3.135267635989996471e+00
1.339339339339339290e+02,2.821543198999268753e+00
1.341341341341341433e+02,4.144028339235220848e+00
1.343343343343343292e+02,2.911180569206024416e+00
1.345345345345345436e+02,5.697390733286319175e+00
1.347347347347347295e+02,4.875045292834945698e+00
1.349349349349349438e+02,2.464875601018548856e+00
1.351351351351351298e+02,5.088439639066590914e+00
1.353353353353353441e+02,5.709910074404421110e+00
1.355355355355355300e+02,5.688101034155679692e+00
1.357357357357357444e+02,1.399896216222182854e+00
1.359359359359359303e+02,4.332704770689464802e+00
1.361361361361361446e+02,5.650442342691373909e+00
1.363363363363363305e+02,3.500694810091057096e+00
1.365365365365365449e+02,1.069155910161787348e+00
1.367367367367367592e+02,5.435110332789689025e+00
1.369369369369369451e+02,4.732134790833475435e+00
1.371371371371371595e+02,1.728903537010306746e+00
1.373373373373373454e+02,3.408429253929167402e+00
1.375375375375375597e+02,9.790746173913200678e-01
1.377377377377377456e+02,4.053010610991130136e+00
1.379379379379379600e+02,5.367168027672966524e+00
1.381381381381381459e+02,2.578490630870988731e+00
1.383383383383383602e+02,3.393386436143403628e+00
1.385385385385385462e+02,3.412131095203313702e+00
1.387387387387387605e+02,2.040415673417159681e+00
1.389389389389389464e+02,7.151550674772109151e-01
1.391391391391391608e+02,3.627043368686827307e+00
1.393393393393393467e+02,5.083099324289995558e+00
1.395395395395395610e+02,3.262432314710931536e+00
1.397397397397397469e+02,3.770060064222902518e+00
1.399399399399399613e+02,2.906478011652158244e-01
1.401401401401401472e+02,4.583824703794617150e+00
1.403403403403403615e+02,2.102297023158552047e+00
1.405405405405405475e+02,1.820172842112087963e+00
1.407407407407407618e+02,1.431771725447467558e+00
1.409409409409409477e+02,2.089722536626695604e+00
1.411411411411411621e+02,4.715177298677704520e+00
1.413413413413413480e+02,2.610114817581111968e+00
1.415415415415415623e+02,3.641037345036908235e+00
1.417417417417417482e+02,2.438749921510574126e+00
1.419419419419419626e+02,2.655376941576514493e+00
1.421421421421421485e+02,-1.807823596165103464e-02
1.423423423423423628e+02,2.834604264189022782e+00
1.425425425425425487e+02,2.987799613919713604e+00
1.427427427427427631e+02,7.726056874569504629e-01
1.429429429429429490e+02,1.512683128330726046e+00
1.431431431431431633e+02,1.117851132979407192e+00
1.433433433433433493e+02,4.134501213638335670e+00
1.435435435435435636e+02,1.106036666339166308e+00
1.437437437437437495e+02,1.917064796826863482e+00
1.439439439439439639e+02,1.510051422862624504e+00
1.441441441441441498e+02,1.869928244208302504e+00
1.443443443443443641e+02,2.761848865886223692e+00
1.445445445445445500e+02,4.121951942618161446e+00
1.447447447447447644e+02,4.198139935011850454e+00
1.449449449449449503e+02,2.301589639162772372e+00
1.451451451451451646e+02,4.446668038173140047e+00
1.453453453453453506e+02,1.536747551567633652e+00
1.455455455455455649e+02,3.681998376589650235e+00
1.457457457457457508e+02,1.942685778247548622e+00
1.459459459459459651e+02,2.640305872502012985e+00
1.461461461461461511e+02,3.660845393347349930e+00
1.463463463463463654e+02,3.086000112383637362e+00
1.465465465465465513e+02,-3.030879718056503913e-01
1.467467467467467657e+02,1.273177534621927620e-02
1.469469469469469516e+02,1.989687931290233802e+00
1.471471471471471659e+02,2.837597940311280986e+00
1.473473473473473518e+02,3.373572192476317788e+00
1.475475475475475662e+02,5.989335843899775691e-01
1.477477477477477521e+02,4.105075192973844267e+00
1.479479479479479664e+02,5.035261571424270999e-01
1.481481481481481524e+02,9.880364820219059707e-01
1.483483483483483667e+02,2.808304626908443957e+00
1.485485485485485526e+02,1.848028045954012377e+00
1.487487487487487670e+02,3.604988678074369179e+00
1.489489489489489529e+02,1.765102684067742400e+00
1.491491491491491672e+02,-2.883590195377573329e-01
1.493493493493493531e+02,-4.470218754585071341e-01
1.495495495495495675e+02,2.195576904280660102e+00
1.497497497497497534e+02,3.947040507109670138e+00
1.499499499499499677e+02,-5.683961089973705860e-01
1.501501501501501536e+02,3.913390788183633617e+00
1.503503503503503680e+02,1.745981842273013562e+00
1.505505505505505539e+02,1.027585162326821511e+00
1.507507507507507682e+02,1.755291072972075650e+00
1.509509509509509542e+02,2.716276725023742067e+00
1.511511511511511685e+02,3.996573037505403825e+00
1.513513513513513544e+02,2.277241140576910627e+00
1.515515515515515688e+02,3.246695204290323211e+00
1.517517517517517547e+02,2.853510627296345525e+00
1.519519519519519690e+02,2.008620507924445242e+00
1.521521521521521549e+02,9.966475249439729067e-01
1.523523523523523693e+02,6.633760104536592372e-01
1.525525525525525552e+02,1.879286296646436316e+00
1.527527527527527695e+02,2.437131890665893419e+00
1.529529529529529555e+02,-3.249147497936159534e-01
1.531531531531531698e+02,3.083540898634051786e-03
1.533533533533533557e+02,3.432006161857914961e+00
1.535535535535535701e+02,4.305463994679747941e+00
1.537537537537537560e+02,4.212520813441367196e+00
1.539539539539539703e+02,3.680840247373960317e+00
1.541541541541541562e+02,2.587874501102346070e+00
1.543543543543543706e+02,2.868559566979659081e+00
1.545545545545545565e+02,3.519398212083727273e+00
1.547547547547547708e+02,4.283427487746775952e+00
1.549549549549549567e+02,3.141025623467013084e-01
1.551551551551551711e+02,8.162100241004465184e-01
1.553553553553553570e+02,3.201108042561133349e+00
1.555555555555555713e+02,8.064353959589205534e-01
1.557557557557557573e+02,3.395367775748896033e+00
1.559559559559559716e+02,4.778215568245018474e+00
1.561561561561561575e+02,7.865629798033219044e-01
1.563563563563563719e+02,4.755609675314724782e+00
1.565565565565565578e+02,2.902622316491437093e+00
1.567567567567567721e+02,2.454962321003167358e-01
1.569569569569569580e+02,1.993119799725275421e+00
1.571571571571571724e+02,3.665873511380999705e+00
1.573573573573573583e+02,3.179509692965439616e+00
1.575575575575575726e+02,3.408117352503940545e+00
1.577577577577577586e+02,2.238107218009587118e+00
1.579579579579579729e+02,3.771852814362517403e+00
1.581581581581581588e+02,4.983106606377965875e+00
1.583583583583583732e+02,4.785035539456703901e+00
1.585585585585585591e+02,3.980029380217093404e+00
1.587587587587587734e+02,2.487470644431040601e+00
1.589589589589589593e+02,4.219551708593886730e+00
1.591591591591591737e+02,3.474210894692024709e+00
1.593593593593593596e+02,3.635543007912036995e+00
1.595595595595595739e+02,3.603595425981902078e+00
1.597597597597597598e+02,1.427399909911907905e+00
1.599599599599599742e+02,4.077191872421722429e+00
1.601601601601601601e+02,5.091861474533862619e+00
1.603603603603603744e+02,8.823533551244748807e-01
1.605605605605605604e+02,9.579034309188309004e-01
1.607607607607607747e+02,7.236531532620341656e-01
1.609609609609609606e+02,2.895426951409428185e+00
1.611611611611611750e+02,3.822699622441764422e+00
1.613613613613613609e+02,3.337535943812667050e+00
1.615615615615615752e+02,2.569132981946791183e+00
1.617617617617617611e+02,1.636428899061168618e+00
1.619619619619619755e+02,3.741181796304694718e+00
1.621621621621621614e+02,3.580082343512231535e+00
1.623623623623623757e+02,1.775371162279060666e+00
1.625625625625625617e+02,2.966079505607589262e+00
1.627627627627627760e+02,3.032285535292111867e+00
1.629629629629629619e+02,3.286167463298896863e+00
1.631631631631631763e+02,4.333115198672476076e+00
1.633633633633633622e+02,1.615541188826221219e+00
1.635635635635635765e+02,5.194151453887665859e+00
1.637637637637637624e+02,4.612389277479564953e+00
1.639639639639639768e+02,3.369762797834489287e+00
1.641641641641641627e+02,4.721145050598807735e+00
1.643643643643643770e+02,2.326863512368429365e+00
1.645645645645645629e+02,2.350787166167828790e+00
1.647647647647647773e+02,5.359695004300722765e+00
1.649649649649649632e+02,4.303768228238279647e+00
1.651651651651651775e+02,1.214201699942356161e+00
1.653653653653653635e+02,1.816441801470861428e+00
1.655655655655655778e+02,3.388391607254449323e+00
1.657657657657657637e+02,1.519667564464784792e+00
1.659659659659659781e+02,3.506617667654583936e+00
1.661661661661661640e+02,3.670967466770787446e+00
1.663663663663663783e+02,4.462551028889558680e+00
1.665665665665665642e+02,4.917088218344900952e+00
1.667667667667667786e+02,4.519202135063097536e+00
1.669669669669669645e+02,3.822118477366152955e+00
1.671671671671671788e+02,2.202363239165193498e+00
1.673673673673673647e+02,3.093560886634501461e+00
1.675675675675675791e+02,2.197070854964877196e+00
1.677677677677677650e+02,3.325300821470149604e-01
1.679679679679679793e+02,2.544561442234449800e+00
1.681681681681681653e+02,6.642464819000397647e-01
1.683683683683683796e+02,8.669208297705510713e-01
1.685685685685685655e+02,2.940674591825335416e+00
1.687687687687687799e+02,4.972165259791346159e+00
1.689689689689689658e+02,1.304110672584502861e+00
1.691691691691691801e+02,4.503238910349601554e+00
1.693693693693693660e+02,3.197492681689130034e+00
1.695695695695695804e+02,1.294065566205705897e+00
1.697697697697697663e+02,4.158362166011343675e+00
1.699699699699699806e+02,2.638534625264093769e+00
1.701701701701701666e+02,1.031326007065552774e+00
1.703703703703703809e+02,4.998294465611020421e+00
1.705705705705705668e+02,3.532304278174368761e+00
1.707707707707707812e+02,4.631148313386987070e+00
1.709709709709709955e+02,5.070787933113572343e+00
1.711711711711711814e+02,4.126178279016473383e+00
1.713713713713713958e+02,1.185053350761936963e+00
1.715715715715715817e+02,2.633465694013573444e+00
1.717717717717717960e+02,9.737944207749043013e-01
1.719719719719719819e+02,3.363231372335340641e+00
1.721721721721721963e+02,3.554835950336197925e+00
1.723723723723723822e+02,3.000803444912176765e+00
1.725725725725725965e+02,2.511135309415991390e+00
1.727727727727727824e+02,1.928473285587493091e+00
1.729729729729729968e+02,4.756992860591961580e+00
1.731731731731731827e+02,3.979900032543898014e+00
1.733733733733733970e+02,1.715889468833488252e+00
1.735735735735735830e+02,3.015850729279739184e+00
1.737737737737737973e+02,2.814585982846030010e+00
1.739739739739739832e+02,3.746653971771157998e+00
1.741741741741741976e+02,2.092089595278854020e-01
1.743743743743743835e+02,2.852946506699000739e+00
1.745745745745745978e+02,1.978017109154599051e+00
1.747747747747747837e+02,4.523522124502541431e+00
1.749749749749749981e+02,2.858840202588005752e+00
1.751751751751751840e+02,3.420337125779252530e-01
1.753753753753753983e+02,2.505908790401954356e+00
1.755755755755755843e+02,9.306062134092902838e-01
1.757757757757757986e+02,3.520063420569551571e+00
1.759759759759759845e+02,4.349122790780082681e+00
1.761761761761761989e+02,1.030996047361592005e+00
1.763763763763763848e+02,3.204596589409622442e+00
1.765765765765765991e+02,6.408934883656985937e-01
1.767767767767767850e+02,2.944214814619644294e+00
1.769769769769769994e+02,4.678806595620628173e+00
1.771771771771771853e+02,4.698133759115623143e+00
1.773773773773773996e+02,7.904556418591565103e-01
1.775775775775775855e+02,2.570277500423494121e+00
1.777777777777777999e+02,2.862890025231393576e+00
1.779779779779779858e+02,3.162687730710144418e+00
1.781781781781782001e+02,4.239753668919258978e+00
1.783783783783783861e+02,2.464893769914360544e-01
1.785785785785786004e+02,2.251986040583860760e+00
1.787787787787787863e+02,3.013636228032889885e-01
1.789789789789790007e+02,1.927522850137174171e+00
1.791791791791791866e+02,3.348036313461558500e+00
1.793793793793794009e+02,-1.453810783455867783e-01
1.795795795795795868e+02,7.738028945879571463e-01
1.797797797797798012e+02,2.899553329515486055e+00
1.799799799799799871e+02,2.274060974334967344e+00
1.801801801801802014e+02,3.014815996346086990e+00
1.803803803803803874e+02,4.034733142949731288e-02
1.805805805805806017e+02,3.355618418655810231e+00
1.807807807807807876e+02,1.973535594528820214e+00
1.809809809809810019e+02,3.421709158217098867e-01
1.811811811811811879e+02,2.075650104946283214e+00
1.813813813813814022e+02,3.752873004348427521e+00
1.815815815815815881e+02,4.559081883750780939e+00
1.817817817817818025e+02,2.876662242701724548e+00
1.819819819819819884e+02,1.672109296196331085e+00
1.821821821821822027e+02,9.499084997728124424e-02
1.823823823823823886e+02,1.283122944796727394e-01
1.825825825825826030e+02,6.189904771597892763e-01
1.827827827827827889e+02,1.169267154823319999e+00
1.829829829829830032e+02,4.082075381840629902e+00
1.831831831831831892e+02,4.548281462650395568e+00
1.833833833833834035e+02,1.144504972214953398e+00
1.835835835835835894e+02,3.693044838649293116e+00
1.837837837837838038e+02,2.015399663816600295e+00
1.839839839839839897e+02,4.491306855270150500e+00
1.841841841841842040e+02,2.722608835910229619e+00
1.843843843843843899e+02,9.063284949198988638e-01
1.845845845845846043e+02,3.008500221573050748e+00
1.847847847847847902e+02,1.701621349975390718e+00
1.849849849849850045e+02,2.643120457302137627e+00
1.851851851851851904e+02,4.795795965490307289e+00
1.853853853853854048e+02,3.028776995821942375e-01
1.855855855855855907e+02,8.530363490507719693e-01
1.857857857857858050e+02,1.637287904336546696e+00
1.859859859859859910e+02,4.508416070437079703e+00
1.861861861861862053e+02,2.432345225350536211e+00
1.863863863863863912e+02,2.594169736727760966e+00
1.865865865865866056e+02,3.600900994028913615e+00
1.867867867867867915e+02,2.351860352107844498e+00
1.869869869869870058e+02,1.942079649631745619e+00
1.871871871871871917e+02,4.539544618365493278e+00
1.873873873873874061e+02,3.475540569508819733e+00
1.875875875875875920e+02,3.437731592971573047e+00
1.877877877877878063e+02,2.583482406185328095e+00
1.879879879879879923e+02,4.063987179956537688e+00
1.881881881881882066e+02,2.098404963193837069e+00
1.883883883883883925e+02,2.179682057200094114e+00
1.885885885885886069e+02,1.065061566860413089e+00
1.887887887887887928e+02,4.462073532866078551e+00
1.889889889889890071e+02,2.205751557927809081e+00
1.891891891891891930e+02,3.244601690865170363e-01
1.893893893893894074e+02,2.831908244236020167e+00
1.895895895895895933e+02,1.071807662784255211e+00
1.897897897897898076e+02,2.983574601734936049e+00
1.899899899899899935e+02,4.948600152603850333e-01
1.901901901901902079e+02,4.494156068915734714e+00
1.903903903903903938e+02,2.333325390313734093e+00
1.905905905905906081e+02,3.412027584014818871e+00
1.907907907907907941e+02,4.013356089997654585e+00
1.909909909909910084e+02,3.243552739361610815e+00
1.911911911911911943e+02,2.238649218678478547e+00
1.913913913913914087e+02,4.746959541037671926e+00
1.915915915915915946e+02,2.357131746663533090e+00
1.917917917917918089e+02,4.213576232485046091e+00
1.919919919919919948e+02,4.299123923450232532e+00
1.921921921921922092e+02,2.114682786516040913e+00
1.923923923923923951e+02,1.026655194930619519e+00
1.925925925925926094e+02,2.650779278085506618e+00
1.927927927927927954e+02,4.766272926443483549e+00
1.929929929929930097e+02,3.688099734238126093e+00
1.931931931931931956e+02,4.301630328728700547e+00
1.933933933933934100e+02,5.285736237044442731e-01
1.935935935935935959e+02,4.933404815818125400e+00
1.937937937937938102e+02,5.645218891949157491e-01
1.939939939939939961e+02,4.751038435243285285e+00
1.941941941941942105e+02,2.721645560945552322e+00
1.943943943943943964e+02,4.195103325933187577e+00
1.945945945945946107e+02,1.423948215176431553e+00
1.947947947947947966e+02,2.010546326016850571e+00
1.949949949949950110e+02,4.121821872640166973e+00
1.951951951951951969e+02,9.188487805302990585e-01
1.953953953953954112e+02,4.905095218362115261e+00
1.955955955955955972e+02,2.548469602611771467e+00
1.957957957957958115e+02,2.041639766732453065e+00
1.959959959959959974e+02,4.170840925701755908e-01
1.961961961961962118e+02,2.093899799444801424e+00
1.963963963963963977e+02,4.518577473032972414e+00
1.965965965965966120e+02,7.776045269855130782e-01
1.967967967967967979e+02,2.997496936135564560e+00
1.969969969969970123e+02,3.504003082843514694e+00
1.971971971971971982e+02,2.048904223798736712e+00
1.973973973973974125e+02,4.992686570824846015e+00
1.975975975975975985e+02,1.119672346649881911e+00
1.977977977977978128e+02,4.575699245423502148e+00
1.979979979979979987e+02,3.672315051646410033e+00
1.981981981981982130e+02,4.481403562461480306e+00
1.983983983983983990e+02,3.445307300456402988e+00
1.985985985985986133e+02,1.859152521233618405e+00
1.987987987987987992e+02,4.361607624388556204e+00
1.989989989989990136e+02,8.035628839616484331e-01
1.991991991991991995e+02,2.966528825590092122e+00
1.993993993993994138e+02,4.594036152865443867e+00
1.995995995995995997e+02,1.603415082997016183e+00
1.997997997997998141e+02,3.318434141744804222e+00
2.000000000000000000e+02,3.826006856147104340e+00
